2024-08-13 02:33:05.308036 (user/501/com.apple.mdworker.shared.0C000000-0100-0000-0000-000000000000 [91660]) <Notice>: exited due to exit(0), ran for 49355ms
2024-08-13 02:33:05.308049 (user/501/com.apple.mdworker.shared.0C000000-0100-0000-0000-000000000000 [91660]) <Notice>: service state: exited
2024-08-13 02:33:05.308055 (user/501/com.apple.mdworker.shared.0C000000-0100-0000-0000-000000000000 [91660]) <Notice>: internal event: EXITED, code = 0
2024-08-13 02:33:05.308058 (user/501) <Notice>: service inactive: com.apple.mdworker.shared.0C000000-0100-0000-0000-000000000000
2024-08-13 02:33:05.308059 (user/501) <Notice>: removing service: com.apple.mdworker.shared.0C000000-0100-0000-0000-000000000000
2024-08-13 02:33:05.308071 (user/501/com.apple.mdworker.shared.0C000000-0100-0000-0000-000000000000 [91660]) <Notice>: internal event: PETRIFIED, code = 0
2024-08-13 02:33:05.308075 (user/501/com.apple.mdworker.shared.0C000000-0100-0000-0000-000000000000 [91660]) <Notice>: service state: not running
2024-08-13 02:33:05.308094 (pid/91660 [mdworker_shared]) <Notice>: shutting down
2024-08-13 02:33:05.308111 (pid/91660 [mdworker_shared]) <Notice>: cleaning up
2024-08-13 02:33:05.308165 (system) <Notice>: removing child: pid/91660
2024-08-13 02:33:05.309138 (user/501/com.apple.mdworker.shared.0F000000-0600-0000-0000-000000000000 [91832]) <Notice>: exited due to exit(0), ran for 147ms
2024-08-13 02:33:05.309153 (user/501/com.apple.mdworker.shared.0F000000-0600-0000-0000-000000000000 [91832]) <Notice>: service state: exited
2024-08-13 02:33:05.309159 (user/501/com.apple.mdworker.shared.0F000000-0600-0000-0000-000000000000 [91832]) <Notice>: internal event: EXITED, code = 0
2024-08-13 02:33:05.309162 (user/501) <Notice>: service inactive: com.apple.mdworker.shared.0F000000-0600-0000-0000-000000000000
2024-08-13 02:33:05.309164 (user/501) <Notice>: removing service: com.apple.mdworker.shared.0F000000-0600-0000-0000-000000000000
2024-08-13 02:33:05.309184 (user/501/com.apple.mdworker.shared.0F000000-0600-0000-0000-000000000000 [91832]) <Notice>: internal event: PETRIFIED, code = 0
2024-08-13 02:33:05.309187 (user/501/com.apple.mdworker.shared.0F000000-0600-0000-0000-000000000000 [91832]) <Notice>: service state: not running
2024-08-13 02:33:05.309203 (pid/91832 [mdworker_shared]) <Notice>: shutting down
2024-08-13 02:33:05.309209 (pid/91832 [mdworker_shared]) <Notice>: cleaning up
2024-08-13 02:33:05.309262 (system) <Notice>: removing child: pid/91832
2024-08-13 02:33:05.327592 (user/501/com.apple.mdworker.shared.10000000-0500-0000-0000-000000000000 [91662]) <Notice>: exited due to exit(0), ran for 49354ms
2024-08-13 02:33:05.327608 (user/501/com.apple.mdworker.shared.10000000-0500-0000-0000-000000000000 [91662]) <Notice>: service state: exited
2024-08-13 02:33:05.327616 (user/501/com.apple.mdworker.shared.10000000-0500-0000-0000-000000000000 [91662]) <Notice>: internal event: EXITED, code = 0
2024-08-13 02:33:05.327620 (user/501) <Notice>: service inactive: com.apple.mdworker.shared.10000000-0500-0000-0000-000000000000
2024-08-13 02:33:05.327622 (user/501) <Notice>: removing service: com.apple.mdworker.shared.10000000-0500-0000-0000-000000000000
2024-08-13 02:33:05.327634 (user/501/com.apple.mdworker.shared.10000000-0500-0000-0000-000000000000 [91662]) <Notice>: internal event: PETRIFIED, code = 0
2024-08-13 02:33:05.327637 (user/501/com.apple.mdworker.shared.10000000-0500-0000-0000-000000000000 [91662]) <Notice>: service state: not running
2024-08-13 02:33:05.327651 (pid/91662 [mdworker_shared]) <Notice>: shutting down
2024-08-13 02:33:05.327659 (pid/91662 [mdworker_shared]) <Notice>: cleaning up
2024-08-13 02:33:05.327714 (system) <Notice>: removing child: pid/91662
2024-08-13 02:33:05.398177 (pid/91848 [diskutil]) <Notice>: shutting down
2024-08-13 02:33:05.398213 (pid/91848 [diskutil]) <Notice>: cleaning up
2024-08-13 02:33:05.398224 (system) <Notice>: removing child: pid/91848
2024-08-13 02:33:05.408963 (pid/91850 [diskutil]) <Notice>: uncorking exec source upfront
2024-08-13 02:33:05.408972 (pid/91850 [diskutil]) <Notice>: created
2024-08-13 02:33:05.409163 (pid/91850 [diskutil]) <Notice>: uncorking domain
2024-08-13 02:33:05.409382 (pid/91850 [diskutil]) <Notice>: Service stub created for com.apple.PerfPowerTelemetryClientRegistrationService
2024-08-13 02:33:05.409396 (pid/91850 [diskutil]) <Notice>: Service stub created for com.apple.appkit.xpc.ColorPickerImageLoader
2024-08-13 02:33:05.409401 (pid/91850 [diskutil]) <Notice>: Service stub created for com.apple.appkit.xpc.defaultSyncService
2024-08-13 02:33:05.409403 (pid/91850 [diskutil]) <Notice>: Service stub created for com.apple.appkit.xpc.documentPopoverViewService
2024-08-13 02:33:05.409405 (pid/91850 [diskutil]) <Notice>: Service stub created for com.apple.appkit.xpc.LegacyExternalColorPickerService.arm64
2024-08-13 02:33:05.409408 (pid/91850 [diskutil]) <Notice>: Service stub created for com.apple.appkit.xpc.LegacyExternalColorPickerService.x86_64
2024-08-13 02:33:05.409409 (pid/91850 [diskutil]) <Notice>: Service stub created for com.apple.MediaLibraryBrowser
2024-08-13 02:33:05.409411 (pid/91850 [diskutil]) <Notice>: Service stub created for com.apple.appkit.xpc.sandboxedServiceRunner
2024-08-13 02:33:05.409414 (pid/91850 [diskutil]) <Notice>: Service stub created for com.apple.appkit.xpc.ThemeWidgetControlViewService
2024-08-13 02:33:05.409416 (pid/91850 [diskutil]) <Notice>: Service stub created for com.apple.xpc.TypographyPanelService
2024-08-13 02:33:05.409418 (pid/91850 [diskutil]) <Notice>: Service stub created for com.apple.automator.xpc.workflowServiceRunner
2024-08-13 02:33:05.409420 (pid/91850 [diskutil]) <Notice>: Service stub created for com.apple.appkit.xpc.VersionsUIHelper
2024-08-13 02:33:05.409423 (pid/91850 [diskutil]) <Notice>: Service stub created for com.apple.appkit.xpc.openAndSavePanelService
2024-08-13 02:33:05.409486 (pid/91850 [diskutil]) <Notice>: Service stub created for com.apple.foundation.UserScriptService
2024-08-13 02:33:05.409578 (pid/91850 [diskutil]) <Notice>: Service stub created for com.apple.ImageIOXPCService
2024-08-13 02:33:05.409588 (pid/91850 [diskutil]) <Notice>: Service stub created for com.apple.CoreGraphics.CGPDFService
2024-08-13 02:33:05.409633 (pid/91850 [diskutil]) <Notice>: Service stub created for com.apple.diskimagescontroller
2024-08-13 02:33:05.409645 (pid/91850 [diskutil]) <Notice>: Service stub created for com.apple.textkit.nsattributedstringagent
2024-08-13 02:33:05.409670 (pid/91850 [diskutil]) <Notice>: Service stub created for com.apple.speech.SpeechSynthesisServerXPC
2024-08-13 02:33:05.409715 (pid/91850 [diskutil]) <Notice>: Service stub created for com.apple.audio.Core-Audio-Driver-Service.helper
2024-08-13 02:33:05.409722 (pid/91850 [diskutil]) <Notice>: Service stub created for com.apple.audio.Core-Audio-Driver-Service
2024-08-13 02:33:05.409723 (pid/91850 [diskutil]) <Notice>: Service stub created for com.apple.audio.DriverHelper
2024-08-13 02:33:05.409731 (pid/91850 [diskutil]) <Notice>: Service stub created for com.apple.extensionkitservice
2024-08-13 02:33:05.409847 (pid/91850 [diskutil]) <Notice>: Service stub created for com.apple.CoreDisplay.XPCService
2024-08-13 02:33:05.409862 (pid/91850 [diskutil]) <Notice>: Service stub created for com.apple.CMValidateMovieDataReferenceService
2024-08-13 02:33:05.409896 (pid/91850 [diskutil]) <Notice>: Service stub created for com.apple.audio.AUHostingService.x86-64
2024-08-13 02:33:05.409898 (pid/91850 [diskutil]) <Notice>: Service stub created for com.apple.audio.AUHostingService.arm64e
2024-08-13 02:33:05.409900 (pid/91850 [diskutil]) <Notice>: Service stub created for com.apple.audio.AudioConverterService
2024-08-13 02:33:05.409910 (pid/91850 [diskutil]) <Notice>: Service stub created for com.apple.audio.CarbonComponentScanner.x86-64
2024-08-13 02:33:05.409913 (pid/91850 [diskutil]) <Notice>: Service stub created for com.apple.audio.ComponentTagHelper
2024-08-13 02:33:05.409915 (pid/91850 [diskutil]) <Notice>: Service stub created for com.apple.audio.InfoHelper
2024-08-13 02:33:05.409917 (pid/91850 [diskutil]) <Notice>: Service stub created for com.apple.audio.SandboxHelper
2024-08-13 02:33:05.409926 (pid/91850 [diskutil]) <Notice>: Service stub created for com.apple.internal.DataDetectorsRemoteScanner
2024-08-13 02:33:05.409950 (pid/91850 [diskutil]) <Notice>: Service stub created for com.apple.OSLogService
2024-08-13 02:33:05.410001 (pid/91850 [diskutil]) <Notice>: Service stub created for com.apple.coremedia.videodecoder
2024-08-13 02:33:05.410003 (pid/91850 [diskutil]) <Notice>: Service stub created for com.apple.coremedia.videodecoder.zonto
2024-08-13 02:33:05.410004 (pid/91850 [diskutil]) <Notice>: Service stub created for com.apple.coremedia.videoencoder
2024-08-13 02:33:05.410011 (pid/91850 [diskutil]) <Notice>: Service stub created for com.apple.coremedia.videoencoder.zonto
2024-08-13 02:33:05.410100 (pid/91850 [diskutil]) <Notice>: Service stub created for com.apple.ColorSyncXPCAgent
2024-08-13 02:33:05.410178 (pid/91850 [diskutil]) <Notice>: Service stub created for com.apple.security.XPCAcmeService
2024-08-13 02:33:05.410230 (pid/91850 [diskutil]) <Notice>: Service stub created for com.apple.MTLCompilerService
2024-08-13 02:33:05.410279 (pid/91850 [diskutil]) <Notice>: Service stub created for com.apple.security.pboxd
2024-08-13 02:33:05.521683 (pid/91850 [diskutil]) <Notice>: shutting down
2024-08-13 02:33:05.521731 (pid/91850 [diskutil]) <Notice>: cleaning up
2024-08-13 02:33:05.521741 (system) <Notice>: removing child: pid/91850
2024-08-13 02:33:05.553905 (pid/91841 [IntelligencePla]) <Notice>: uncorking domain
2024-08-13 02:33:05.554306 (pid/91841 [IntelligencePla]) <Notice>: Service stub created for com.apple.StreamingUnzipService.privileged
2024-08-13 02:33:05.554317 (pid/91841 [IntelligencePla]) <Notice>: Service stub created for com.apple.StreamingUnzipService
2024-08-13 02:33:05.554621 (pid/91841 [IntelligencePla]) <Notice>: Service stub created for com.apple.PerfPowerTelemetryClientRegistrationService
2024-08-13 02:33:05.554671 (pid/91841 [IntelligencePla]) <Notice>: Service stub created for com.apple.CGXPCServicesAgent
2024-08-13 02:33:05.554737 (pid/91841 [IntelligencePla]) <Notice>: Service stub created for com.apple.appkit.xpc.ColorPickerImageLoader
2024-08-13 02:33:05.554747 (pid/91841 [IntelligencePla]) <Notice>: Service stub created for com.apple.appkit.xpc.defaultSyncService
2024-08-13 02:33:05.554762 (pid/91841 [IntelligencePla]) <Notice>: Service stub created for com.apple.appkit.xpc.documentPopoverViewService
2024-08-13 02:33:05.554767 (pid/91841 [IntelligencePla]) <Notice>: Service stub created for com.apple.appkit.xpc.LegacyExternalColorPickerService.arm64
2024-08-13 02:33:05.554772 (pid/91841 [IntelligencePla]) <Notice>: Service stub created for com.apple.appkit.xpc.LegacyExternalColorPickerService.x86_64
2024-08-13 02:33:05.554776 (pid/91841 [IntelligencePla]) <Notice>: Service stub created for com.apple.MediaLibraryBrowser
2024-08-13 02:33:05.554781 (pid/91841 [IntelligencePla]) <Notice>: Service stub created for com.apple.appkit.xpc.sandboxedServiceRunner
2024-08-13 02:33:05.554786 (pid/91841 [IntelligencePla]) <Notice>: Service stub created for com.apple.appkit.xpc.ThemeWidgetControlViewService
2024-08-13 02:33:05.554791 (pid/91841 [IntelligencePla]) <Notice>: Service stub created for com.apple.xpc.TypographyPanelService
2024-08-13 02:33:05.554796 (pid/91841 [IntelligencePla]) <Notice>: Service stub created for com.apple.automator.xpc.workflowServiceRunner
2024-08-13 02:33:05.554801 (pid/91841 [IntelligencePla]) <Notice>: Service stub created for com.apple.appkit.xpc.VersionsUIHelper
2024-08-13 02:33:05.554806 (pid/91841 [IntelligencePla]) <Notice>: Service stub created for com.apple.appkit.xpc.openAndSavePanelService
2024-08-13 02:33:05.554942 (pid/91841 [IntelligencePla]) <Notice>: Service stub created for com.apple.foundation.UserScriptService
2024-08-13 02:33:05.555210 (pid/91841 [IntelligencePla]) <Notice>: Service stub created for com.apple.ImageIOXPCService
2024-08-13 02:33:05.555225 (pid/91841 [IntelligencePla]) <Notice>: Service stub created for com.apple.CoreGraphics.CGPDFService
2024-08-13 02:33:05.555327 (pid/91841 [IntelligencePla]) <Notice>: Service stub created for com.apple.speech.SpeechSynthesisServerXPC
2024-08-13 02:33:05.555435 (pid/91841 [IntelligencePla]) <Notice>: Service stub created for com.apple.textkit.nsattributedstringagent
2024-08-13 02:33:05.555591 (pid/91841 [IntelligencePla]) <Notice>: Service stub created for com.apple.CoreMLModelSecurityService
2024-08-13 02:33:05.555614 (pid/91841 [IntelligencePla]) <Notice>: Service stub created for com.apple.corelocation.maphelperservice
2024-08-13 02:33:05.555714 (pid/91841 [IntelligencePla]) <Notice>: Service stub created for com.apple.audio.Core-Audio-Driver-Service.helper
2024-08-13 02:33:05.555722 (pid/91841 [IntelligencePla]) <Notice>: Service stub created for com.apple.audio.Core-Audio-Driver-Service
2024-08-13 02:33:05.555731 (pid/91841 [IntelligencePla]) <Notice>: Service stub created for com.apple.audio.DriverHelper
2024-08-13 02:33:05.555744 (pid/91841 [IntelligencePla]) <Notice>: Service stub created for com.apple.extensionkitservice
2024-08-13 02:33:05.555759 (pid/91841 [IntelligencePla]) <Notice>: Service stub created for com.apple.mlcompiler.services.compiler
2024-08-13 02:33:05.555926 (pid/91841 [IntelligencePla]) <Notice>: Service stub created for com.apple.Photos.CPLDiagnose
2024-08-13 02:33:05.555951 (pid/91841 [IntelligencePla]) <Notice>: Service stub created for com.apple.Photos.Migration.Reader
2024-08-13 02:33:05.555958 (pid/91841 [IntelligencePla]) <Notice>: Service stub created for com.apple.Photos.Migration
2024-08-13 02:33:05.555974 (pid/91841 [IntelligencePla]) <Notice>: Service stub created for com.apple.AssetCacheLocatorService
2024-08-13 02:33:05.556101 (pid/91841 [IntelligencePla]) <Notice>: Service stub created for com.apple.FTLivePhotoService
2024-08-13 02:33:05.556110 (pid/91841 [IntelligencePla]) <Notice>: Service stub created for com.apple.FaceTime.FTConversationService
2024-08-13 02:33:05.556280 (pid/91841 [IntelligencePla]) <Notice>: Service stub created for com.apple.ANECompilerService
2024-08-13 02:33:05.556290 (pid/91841 [IntelligencePla]) <Notice>: Service stub created for com.apple.private.ANEStorageMaintainer
2024-08-13 02:33:05.556310 (pid/91841 [IntelligencePla]) <Notice>: Service stub created for com.apple.CoreDisplay.XPCService
2024-08-13 02:33:05.556323 (pid/91841 [IntelligencePla]) <Notice>: Service stub created for com.apple.CMValidateMovieDataReferenceService
2024-08-13 02:33:05.556391 (pid/91841 [IntelligencePla]) <Notice>: Service stub created for com.apple.internal.DataDetectorsRemoteScanner
2024-08-13 02:33:05.556407 (pid/91841 [IntelligencePla]) <Notice>: Service stub created for com.apple.OSLogService
2024-08-13 02:33:05.556428 (pid/91841 [IntelligencePla]) <Notice>: Service stub created for com.apple.audio.AUHostingService.x86-64
2024-08-13 02:33:05.556438 (pid/91841 [IntelligencePla]) <Notice>: Service stub created for com.apple.audio.AUHostingService.arm64e
2024-08-13 02:33:05.556442 (pid/91841 [IntelligencePla]) <Notice>: Service stub created for com.apple.audio.AudioConverterService
2024-08-13 02:33:05.556452 (pid/91841 [IntelligencePla]) <Notice>: Service stub created for com.apple.audio.CarbonComponentScanner.x86-64
2024-08-13 02:33:05.556460 (pid/91841 [IntelligencePla]) <Notice>: Service stub created for com.apple.audio.ComponentTagHelper
2024-08-13 02:33:05.556464 (pid/91841 [IntelligencePla]) <Notice>: Service stub created for com.apple.audio.InfoHelper
2024-08-13 02:33:05.556469 (pid/91841 [IntelligencePla]) <Notice>: Service stub created for com.apple.audio.SandboxHelper
2024-08-13 02:33:05.556703 (pid/91841 [IntelligencePla]) <Notice>: Service stub created for com.apple.ModelIO.AssetLoader
2024-08-13 02:33:05.556898 (pid/91841 [IntelligencePla]) <Notice>: Service stub created for com.apple.coremedia.videodecoder
2024-08-13 02:33:05.556904 (pid/91841 [IntelligencePla]) <Notice>: Service stub created for com.apple.coremedia.videodecoder.zonto
2024-08-13 02:33:05.556909 (pid/91841 [IntelligencePla]) <Notice>: Service stub created for com.apple.coremedia.videoencoder
2024-08-13 02:33:05.556918 (pid/91841 [IntelligencePla]) <Notice>: Service stub created for com.apple.coremedia.videoencoder.zonto
2024-08-13 02:33:05.557079 (pid/91841 [IntelligencePla]) <Notice>: Service stub created for com.apple.coremedia.pluginformatreader
2024-08-13 02:33:05.557085 (pid/91841 [IntelligencePla]) <Notice>: Service stub created for com.apple.coremedia.pluginformatreader.zonto
2024-08-13 02:33:05.557120 (pid/91841 [IntelligencePla]) <Notice>: Service stub created for com.apple.intents.intents-helper
2024-08-13 02:33:05.557229 (pid/91841 [IntelligencePla]) <Notice>: Service stub created for com.apple.scenekit.SCNSceneLoader
2024-08-13 02:33:05.557236 (pid/91841 [IntelligencePla]) <Notice>: Service stub created for com.apple.SceneKit.C3DColladaResourcesCoordinator
2024-08-13 02:33:05.557279 (pid/91841 [IntelligencePla]) <Notice>: Service stub created for com.apple.ctcategories.service
2024-08-13 02:33:05.557407 (pid/91841 [IntelligencePla]) <Notice>: Service stub created for com.apple.intelligenceplatform.IntelligencePlatformComputeService
2024-08-13 02:33:05.557512 (pid/91841 [IntelligencePla]) <Notice>: Service stub created for com.apple.ColorSyncXPCAgent
2024-08-13 02:33:05.557631 (pid/91841 [IntelligencePla]) <Notice>: Service stub created for com.apple.desktopservices.ArchiveService
2024-08-13 02:33:05.557640 (pid/91841 [IntelligencePla]) <Notice>: Service stub created for com.apple.desktopservices.QuarantineService
2024-08-13 02:33:05.557737 (pid/91841 [IntelligencePla]) <Notice>: Service stub created for com.apple.photos.ImageConversionService
2024-08-13 02:33:05.557746 (pid/91841 [IntelligencePla]) <Notice>: Service stub created for com.apple.photos.VideoConversionService
2024-08-13 02:33:05.557761 (pid/91841 [IntelligencePla]) <Notice>: Service stub created for com.apple.DPSubmissionService
2024-08-13 02:33:05.557792 (pid/91841 [IntelligencePla]) <Notice>: Service stub created for com.apple.USDLib.FormatLoader
2024-08-13 02:33:05.557950 (pid/91841 [IntelligencePla]) <Notice>: Service stub created for com.apple.security.XPCAcmeService
2024-08-13 02:33:05.558052 (pid/91841 [IntelligencePla]) <Notice>: Service stub created for com.apple.MTLCompilerService
2024-08-13 02:33:05.558125 (pid/91841 [IntelligencePla]) <Notice>: Service stub created for com.apple.BiomeWriteService
2024-08-13 02:33:05.558142 (pid/91841 [IntelligencePla]) <Notice>: Service stub created for com.apple.LoginUserService
2024-08-13 02:33:05.558285 (pid/91841 [IntelligencePla]) <Notice>: Service stub created for com.apple.mscamerad-xpc
2024-08-13 02:33:05.558317 (pid/91841 [IntelligencePla]) <Notice>: Service stub created for com.apple.security.pboxd
2024-08-13 02:33:05.558382 (pid/91841 [IntelligencePla]) <Notice>: Service stub created for com.apple.ZhuGeService
2024-08-13 02:33:05.564978 (gui/501/com.apple.biomesyncd) <Notice>: internal event: WILL_SPAWN, code = 0
2024-08-13 02:33:05.564986 (gui/501/com.apple.biomesyncd) <Notice>: service state: spawn scheduled
2024-08-13 02:33:05.564987 (gui/501/com.apple.biomesyncd) <Notice>: service state: spawning
2024-08-13 02:33:05.564996 (gui/501/com.apple.biomesyncd) <Notice>: launching: ipc (mach)
2024-08-13 02:33:05.565323 (gui/501/com.apple.biomesyncd [91852]) <Notice>: xpcproxy spawned with pid 91852
2024-08-13 02:33:05.565332 (gui/501/com.apple.biomesyncd [91852]) <Notice>: internal event: SPAWNED, code = 0
2024-08-13 02:33:05.565333 (gui/501/com.apple.biomesyncd [91852]) <Notice>: service state: xpcproxy
2024-08-13 02:33:05.565359 (gui/501/com.apple.biomesyncd [91852]) <Notice>: internal event: SOURCE_ATTACH, code = 0
2024-08-13 02:33:05.571929 (gui/501/com.apple.biomesyncd [91852]) <Notice>: service state: running
2024-08-13 02:33:05.571939 (gui/501/com.apple.biomesyncd [91852]) <Notice>: internal event: INIT, code = 0
2024-08-13 02:33:05.571941 (gui/501/com.apple.biomesyncd [91852]) <Notice>: job state = running
2024-08-13 02:33:05.571974 (gui/501/com.apple.biomesyncd [91852]) <Notice>: Successfully spawned biomesyncd[91852] because ipc (mach)
2024-08-13 02:33:05.578848 (pid/91852 [biomesyncd]) <Notice>: uncorking exec source upfront
2024-08-13 02:33:05.578868 (pid/91852 [biomesyncd]) <Notice>: created
2024-08-13 02:33:06.205463 (gui/501 [100005]) <Warning>: denied lookup: name = com.apple.contactsd.persistence, requestor = imagent[620], error = 159: Sandbox restriction
2024-08-13 02:33:06.208722 <Notice>: Last log repeated 1 times
2024-08-13 02:33:06.208691 (gui/501 [100005]) <Warning>: denied lookup: name = com.apple.contactsd.persistence, requestor = searchpartyuser[1094], error = 159: Sandbox restriction
2024-08-13 02:33:06.238519 <Notice>: Last log repeated 1 times
2024-08-13 02:33:06.238501 (gui/501 [100005]) <Warning>: denied lookup: name = com.apple.biome.compute.source.user, requestor = BiomeAgent[51314], error = 159: Sandbox restriction
2024-08-13 02:33:06.889344 (user/501/com.apple.mdworker.shared.10000000-0600-0000-0000-000000000000) <Notice>: internal event: WILL_SPAWN, code = 0
2024-08-13 02:33:06.889361 (user/501/com.apple.mdworker.shared.10000000-0600-0000-0000-000000000000) <Notice>: service state: spawn scheduled
2024-08-13 02:33:06.889364 (user/501/com.apple.mdworker.shared.10000000-0600-0000-0000-000000000000) <Notice>: service state: spawning
2024-08-13 02:33:06.889412 (user/501/com.apple.mdworker.shared.10000000-0600-0000-0000-000000000000) <Notice>: launching: ipc (mach)
2024-08-13 02:33:06.890426 (user/501/com.apple.mdworker.shared.10000000-0600-0000-0000-000000000000 [91853]) <Notice>: xpcproxy spawned with pid 91853
2024-08-13 02:33:06.890444 (user/501/com.apple.mdworker.shared.10000000-0600-0000-0000-000000000000 [91853]) <Notice>: internal event: SPAWNED, code = 0
2024-08-13 02:33:06.890448 (user/501/com.apple.mdworker.shared.10000000-0600-0000-0000-000000000000 [91853]) <Notice>: service state: xpcproxy
2024-08-13 02:33:06.890487 (user/501/com.apple.mdworker.shared.10000000-0600-0000-0000-000000000000 [91853]) <Notice>: internal event: SOURCE_ATTACH, code = 0
2024-08-13 02:33:06.900588 (user/501/com.apple.mdworker.shared.10000000-0600-0000-0000-000000000000 [91853]) <Notice>: service state: running
2024-08-13 02:33:06.900599 (user/501/com.apple.mdworker.shared.10000000-0600-0000-0000-000000000000 [91853]) <Notice>: internal event: INIT, code = 0
2024-08-13 02:33:06.900631 (user/501/com.apple.mdworker.shared.10000000-0600-0000-0000-000000000000 [91853]) <Notice>: Successfully spawned mdworker_shared[91853] because ipc (mach)
2024-08-13 02:33:06.905097 (pid/91853 [mdworker_shared]) <Notice>: uncorking exec source upfront
2024-08-13 02:33:06.905118 (pid/91853 [mdworker_shared]) <Notice>: created
2024-08-13 02:33:08.347235 (user/501) <Warning>: failed lookup: name = com.apple.tiswitcher.fromuiserver, flags = 0x1, requestor = CursorUIViewSer[693], error = 3: No such process
2024-08-13 02:33:09.216993 <Notice>: Last log repeated 1 times
2024-08-13 02:33:09.215890 (gui/501 [100005]) <Warning>: denied lookup: name = com.apple.contactsd.persistence, requestor = searchpartyuser[1094], error = 159: Sandbox restriction
2024-08-13 02:33:09.216123 (gui/501 [100005]) <Warning>: denied lookup: name = com.apple.contactsd.persistence, requestor = imagent[620], error = 159: Sandbox restriction
2024-08-13 02:33:09.216497 (gui/501 [100005]) <Warning>: denied lookup: name = com.apple.contactsd.persistence, requestor = searchpartyuser[1094], error = 159: Sandbox restriction
2024-08-13 02:33:09.217194 (gui/501 [100005]) <Warning>: denied lookup: name = com.apple.contactsd.persistence, requestor = imagent[620], error = 159: Sandbox restriction
2024-08-13 02:33:09.223554 (user/501) <Warning>: failed lookup: name = com.apple.tiswitcher.fromuiserver, flags = 0x1, requestor = CursorUIViewSer[693], error = 3: No such process
2024-08-13 02:33:10.903662 <Notice>: Last log repeated 3 times
2024-08-13 02:33:10.903643 (user/501/com.apple.mdworker.shared.0F000000-0700-0000-0000-000000000000) <Notice>: internal event: WILL_SPAWN, code = 0
2024-08-13 02:33:10.903657 (user/501/com.apple.mdworker.shared.0F000000-0700-0000-0000-000000000000) <Notice>: service state: spawn scheduled
2024-08-13 02:33:10.903658 (user/501/com.apple.mdworker.shared.0F000000-0700-0000-0000-000000000000) <Notice>: service state: spawning
2024-08-13 02:33:10.903699 (user/501/com.apple.mdworker.shared.0F000000-0700-0000-0000-000000000000) <Notice>: launching: ipc (mach)
2024-08-13 02:33:10.905130 (user/501/com.apple.mdworker.shared.0F000000-0700-0000-0000-000000000000 [91856]) <Notice>: xpcproxy spawned with pid 91856
2024-08-13 02:33:10.905149 (user/501/com.apple.mdworker.shared.0F000000-0700-0000-0000-000000000000 [91856]) <Notice>: internal event: SPAWNED, code = 0
2024-08-13 02:33:10.905152 (user/501/com.apple.mdworker.shared.0F000000-0700-0000-0000-000000000000 [91856]) <Notice>: service state: xpcproxy
2024-08-13 02:33:10.905238 (user/501/com.apple.mdworker.shared.0F000000-0700-0000-0000-000000000000 [91856]) <Notice>: internal event: SOURCE_ATTACH, code = 0
2024-08-13 02:33:10.905244 (user/501/com.apple.mdworker.shared.05000000-0500-0000-0000-000000000000) <Notice>: internal event: WILL_SPAWN, code = 0
2024-08-13 02:33:10.905246 (user/501/com.apple.mdworker.shared.05000000-0500-0000-0000-000000000000) <Notice>: service state: spawn scheduled
2024-08-13 02:33:10.905248 (user/501/com.apple.mdworker.shared.05000000-0500-0000-0000-000000000000) <Notice>: service state: spawning
2024-08-13 02:33:10.905276 (user/501/com.apple.mdworker.shared.05000000-0500-0000-0000-000000000000) <Notice>: launching: ipc (mach)
2024-08-13 02:33:10.906175 (user/501/com.apple.mdworker.shared.05000000-0500-0000-0000-000000000000 [91857]) <Notice>: xpcproxy spawned with pid 91857
2024-08-13 02:33:10.906391 (user/501/com.apple.mdworker.shared.05000000-0500-0000-0000-000000000000 [91857]) <Notice>: internal event: SPAWNED, code = 0
2024-08-13 02:33:10.906394 (user/501/com.apple.mdworker.shared.05000000-0500-0000-0000-000000000000 [91857]) <Notice>: service state: xpcproxy
2024-08-13 02:33:10.906401 (user/501/com.apple.mdworker.shared.05000000-0500-0000-0000-000000000000 [91857]) <Notice>: internal event: SOURCE_ATTACH, code = 0
2024-08-13 02:33:10.915863 (user/501/com.apple.mdworker.shared.05000000-0500-0000-0000-000000000000 [91857]) <Notice>: service state: running
2024-08-13 02:33:10.915876 (user/501/com.apple.mdworker.shared.05000000-0500-0000-0000-000000000000 [91857]) <Notice>: internal event: INIT, code = 0
2024-08-13 02:33:10.915910 (user/501/com.apple.mdworker.shared.05000000-0500-0000-0000-000000000000 [91857]) <Notice>: Successfully spawned mdworker_shared[91857] because ipc (mach)
2024-08-13 02:33:10.915920 (user/501/com.apple.mdworker.shared.0F000000-0700-0000-0000-000000000000 [91856]) <Notice>: service state: running
2024-08-13 02:33:10.915922 (user/501/com.apple.mdworker.shared.0F000000-0700-0000-0000-000000000000 [91856]) <Notice>: internal event: INIT, code = 0
2024-08-13 02:33:10.915926 (user/501/com.apple.mdworker.shared.0F000000-0700-0000-0000-000000000000 [91856]) <Notice>: Successfully spawned mdworker_shared[91856] because ipc (mach)
2024-08-13 02:33:10.922243 (pid/91857 [mdworker_shared]) <Notice>: uncorking exec source upfront
2024-08-13 02:33:10.922270 (pid/91857 [mdworker_shared]) <Notice>: created
2024-08-13 02:33:10.922363 (pid/91856 [mdworker_shared]) <Notice>: uncorking exec source upfront
2024-08-13 02:33:10.922372 (pid/91856 [mdworker_shared]) <Notice>: created
2024-08-13 02:33:12.220532 (gui/501 [100005]) <Warning>: denied lookup: name = com.apple.contactsd.persistence, requestor = imagent[620], error = 159: Sandbox restriction
2024-08-13 02:33:12.220626 (gui/501 [100005]) <Warning>: denied lookup: name = com.apple.contactsd.persistence, requestor = searchpartyuser[1094], error = 159: Sandbox restriction
2024-08-13 02:33:12.220905 (gui/501 [100005]) <Warning>: denied lookup: name = com.apple.contactsd.persistence, requestor = imagent[620], error = 159: Sandbox restriction
2024-08-13 02:33:12.221040 (gui/501 [100005]) <Warning>: denied lookup: name = com.apple.contactsd.persistence, requestor = searchpartyuser[1094], error = 159: Sandbox restriction
2024-08-13 02:33:13.128453 (user/501) <Warning>: failed lookup: name = com.apple.tiswitcher.fromuiserver, flags = 0x1, requestor = CursorUIViewSer[693], error = 3: No such process
2024-08-13 02:33:15.221830 <Notice>: Last log repeated 1 times
2024-08-13 02:33:15.221809 (gui/501 [100005]) <Warning>: denied lookup: name = com.apple.contactsd.persistence, requestor = imagent[620], error = 159: Sandbox restriction
2024-08-13 02:33:15.223469 <Notice>: Last log repeated 3 times
2024-08-13 02:33:15.223455 (gui/501 [100005]) <Warning>: denied lookup: name = com.apple.AddressBook.ContactsAccountsService, requestor = imagent[620], error = 159: Sandbox restriction
2024-08-13 02:33:15.226707 (gui/501 [100005]) <Warning>: denied lookup: name = com.apple.contactsd.persistence, requestor = searchpartyuser[1094], error = 159: Sandbox restriction
2024-08-13 02:33:15.227382 <Notice>: Last log repeated 3 times
2024-08-13 02:33:15.227363 (gui/501 [100005]) <Warning>: denied lookup: name = com.apple.contactsd.persistence, requestor = imagent[620], error = 159: Sandbox restriction
2024-08-13 02:33:15.228218 <Notice>: Last log repeated 3 times
2024-08-13 02:33:15.228206 (gui/501 [100005]) <Warning>: denied lookup: name = com.apple.AddressBook.ContactsAccountsService, requestor = searchpartyuser[1094], error = 159: Sandbox restriction
2024-08-13 02:33:15.228343 (gui/501 [100005]) <Warning>: denied lookup: name = com.apple.contactsd.persistence, requestor = imagent[620], error = 159: Sandbox restriction
2024-08-13 02:33:15.232238 <Notice>: Last log repeated 3 times
2024-08-13 02:33:15.232209 (gui/501 [100005]) <Warning>: denied lookup: name = com.apple.contactsd.persistence, requestor = searchpartyuser[1094], error = 159: Sandbox restriction
2024-08-13 02:33:15.748282 <Notice>: Last log repeated 7 times
2024-08-13 02:33:15.748174 (gui/501/com.apple.biomesyncd [91852]) <Notice>: exited due to exit(0), ran for 10181ms
2024-08-13 02:33:15.748185 (gui/501/com.apple.biomesyncd [91852]) <Notice>: service state: exited
2024-08-13 02:33:15.748191 (gui/501/com.apple.biomesyncd [91852]) <Notice>: internal event: EXITED, code = 0
2024-08-13 02:33:15.748200 (gui/501/com.apple.biomesyncd [91852]) <Notice>: job state = exited
2024-08-13 02:33:15.748202 (gui/501 [100005]) <Notice>: service inactive: com.apple.biomesyncd
2024-08-13 02:33:15.748253 (gui/501/com.apple.biomesyncd [91852]) <Notice>: service state: not running
2024-08-13 02:33:15.748262 (pid/91852 [biomesyncd]) <Notice>: shutting down
2024-08-13 02:33:15.748267 (pid/91852 [biomesyncd]) <Notice>: cleaning up
2024-08-13 02:33:15.748273 (system) <Notice>: removing child: pid/91852
2024-08-13 02:33:17.234970 (user/501/com.apple.mdworker.shared.0C000000-0200-0000-0000-000000000000) <Notice>: internal event: WILL_SPAWN, code = 0
2024-08-13 02:33:17.234986 (user/501/com.apple.mdworker.shared.0C000000-0200-0000-0000-000000000000) <Notice>: service state: spawn scheduled
2024-08-13 02:33:17.234987 (user/501/com.apple.mdworker.shared.0C000000-0200-0000-0000-000000000000) <Notice>: service state: spawning
2024-08-13 02:33:17.235038 (user/501/com.apple.mdworker.shared.0C000000-0200-0000-0000-000000000000) <Notice>: launching: ipc (mach)
2024-08-13 02:33:17.235607 (user/501/com.apple.mdworker.shared.0C000000-0200-0000-0000-000000000000 [91863]) <Notice>: xpcproxy spawned with pid 91863
2024-08-13 02:33:17.235622 (user/501/com.apple.mdworker.shared.0C000000-0200-0000-0000-000000000000 [91863]) <Notice>: internal event: SPAWNED, code = 0
2024-08-13 02:33:17.235624 (user/501/com.apple.mdworker.shared.0C000000-0200-0000-0000-000000000000 [91863]) <Notice>: service state: xpcproxy
2024-08-13 02:33:17.235634 (user/501/com.apple.mdworker.shared.0C000000-0200-0000-0000-000000000000 [91863]) <Notice>: internal event: SOURCE_ATTACH, code = 0
2024-08-13 02:33:17.235637 (user/501/com.apple.mdworker.shared.06000000-0100-0000-0000-000000000000) <Notice>: internal event: WILL_SPAWN, code = 0
2024-08-13 02:33:17.235649 (user/501/com.apple.mdworker.shared.06000000-0100-0000-0000-000000000000) <Notice>: service state: spawn scheduled
2024-08-13 02:33:17.235651 (user/501/com.apple.mdworker.shared.06000000-0100-0000-0000-000000000000) <Notice>: service state: spawning
2024-08-13 02:33:17.235737 (user/501/com.apple.mdworker.shared.06000000-0100-0000-0000-000000000000) <Notice>: launching: ipc (mach)
2024-08-13 02:33:17.236128 (user/501/com.apple.mdworker.shared.06000000-0100-0000-0000-000000000000 [91864]) <Notice>: xpcproxy spawned with pid 91864
2024-08-13 02:33:17.236142 (user/501/com.apple.mdworker.shared.06000000-0100-0000-0000-000000000000 [91864]) <Notice>: internal event: SPAWNED, code = 0
2024-08-13 02:33:17.236145 (user/501/com.apple.mdworker.shared.06000000-0100-0000-0000-000000000000 [91864]) <Notice>: service state: xpcproxy
2024-08-13 02:33:17.236150 (user/501/com.apple.mdworker.shared.06000000-0100-0000-0000-000000000000 [91864]) <Notice>: internal event: SOURCE_ATTACH, code = 0
2024-08-13 02:33:17.242842 (user/501/com.apple.mdworker.shared.0C000000-0200-0000-0000-000000000000 [91863]) <Notice>: service state: running
2024-08-13 02:33:17.242851 (user/501/com.apple.mdworker.shared.0C000000-0200-0000-0000-000000000000 [91863]) <Notice>: internal event: INIT, code = 0
2024-08-13 02:33:17.242898 (user/501/com.apple.mdworker.shared.0C000000-0200-0000-0000-000000000000 [91863]) <Notice>: Successfully spawned mdworker_shared[91863] because ipc (mach)
2024-08-13 02:33:17.242907 (user/501/com.apple.mdworker.shared.06000000-0100-0000-0000-000000000000 [91864]) <Notice>: service state: running
2024-08-13 02:33:17.242909 (user/501/com.apple.mdworker.shared.06000000-0100-0000-0000-000000000000 [91864]) <Notice>: internal event: INIT, code = 0
2024-08-13 02:33:17.242915 (user/501/com.apple.mdworker.shared.06000000-0100-0000-0000-000000000000 [91864]) <Notice>: Successfully spawned mdworker_shared[91864] because ipc (mach)
2024-08-13 02:33:17.248487 (pid/91863 [mdworker_shared]) <Notice>: uncorking exec source upfront
2024-08-13 02:33:17.248522 (pid/91863 [mdworker_shared]) <Notice>: created
2024-08-13 02:33:17.248583 (pid/91864 [mdworker_shared]) <Notice>: uncorking exec source upfront
2024-08-13 02:33:17.248589 (pid/91864 [mdworker_shared]) <Notice>: created
2024-08-13 02:33:18.233911 (gui/501 [100005]) <Warning>: denied lookup: name = com.apple.contactsd.persistence, requestor = imagent[620], error = 159: Sandbox restriction
2024-08-13 02:33:18.236549 <Notice>: Last log repeated 1 times
2024-08-13 02:33:18.236527 (gui/501 [100005]) <Warning>: denied lookup: name = com.apple.contactsd.persistence, requestor = searchpartyuser[1094], error = 159: Sandbox restriction
2024-08-13 02:33:19.188029 <Notice>: Last log repeated 1 times
2024-08-13 02:33:19.187903 (user/501) <Warning>: failed lookup: name = com.apple.tiswitcher.fromuiserver, flags = 0x1, requestor = CursorUIViewSer[693], error = 3: No such process
2024-08-13 02:33:19.493504 (system) <Warning>: failed lookup: name = com.apple.AppleLOM.Watchdog, flags = 0x1, requestor = watchdogd[112], error = 3: No such process
2024-08-13 02:33:21.056500 (user/501) <Warning>: failed lookup: name = com.apple.tiswitcher.fromuiserver, flags = 0x1, requestor = CursorUIViewSer[693], error = 3: No such process
2024-08-13 02:33:21.238687 <Notice>: Last log repeated 1 times
2024-08-13 02:33:21.238656 (gui/501 [100005]) <Warning>: denied lookup: name = com.apple.contactsd.persistence, requestor = imagent[620], error = 159: Sandbox restriction
2024-08-13 02:33:21.239408 (gui/501 [100005]) <Warning>: denied lookup: name = com.apple.contactsd.persistence, requestor = searchpartyuser[1094], error = 159: Sandbox restriction
2024-08-13 02:33:21.239477 (gui/501 [100005]) <Warning>: denied lookup: name = com.apple.contactsd.persistence, requestor = imagent[620], error = 159: Sandbox restriction
2024-08-13 02:33:21.240199 (gui/501 [100005]) <Warning>: denied lookup: name = com.apple.contactsd.persistence, requestor = searchpartyuser[1094], error = 159: Sandbox restriction
2024-08-13 02:33:22.241733 (user/501) <Warning>: failed lookup: name = com.apple.tiswitcher.fromuiserver, flags = 0x1, requestor = CursorUIViewSer[693], error = 3: No such process
2024-08-13 02:33:24.243331 <Notice>: Last log repeated 2 times
2024-08-13 02:33:24.243306 (gui/501 [100005]) <Warning>: denied lookup: name = com.apple.contactsd.persistence, requestor = searchpartyuser[1094], error = 159: Sandbox restriction
2024-08-13 02:33:24.243382 (gui/501 [100005]) <Warning>: denied lookup: name = com.apple.contactsd.persistence, requestor = imagent[620], error = 159: Sandbox restriction
2024-08-13 02:33:24.243951 <Notice>: Last log repeated 1 times
2024-08-13 02:33:24.243732 (gui/501 [100005]) <Warning>: denied lookup: name = com.apple.contactsd.persistence, requestor = searchpartyuser[1094], error = 159: Sandbox restriction
2024-08-13 02:33:26.221408 (pid/91716/com.apple.QuickLookThumbnailing.extension.ThumbnailExtension-macOS [91727]) <Notice>: extension already interrupted clean exit attempt
2024-08-13 02:33:27.245682 (gui/501 [100005]) <Warning>: denied lookup: name = com.apple.contactsd.persistence, requestor = searchpartyuser[1094], error = 159: Sandbox restriction
2024-08-13 02:33:27.247363 <Notice>: Last log repeated 1 times
2024-08-13 02:33:27.247333 (gui/501 [100005]) <Warning>: denied lookup: name = com.apple.contactsd.persistence, requestor = imagent[620], error = 159: Sandbox restriction
2024-08-13 02:33:27.495026 <Notice>: Last log repeated 1 times
2024-08-13 02:33:27.487904 (user/501) <Warning>: failed lookup: name = com.apple.tiswitcher.fromuiserver, flags = 0x1, requestor = CursorUIViewSer[693], error = 3: No such process
2024-08-13 02:33:27.834888 (pid/92004 [diskutil]) <Notice>: uncorking exec source upfront
2024-08-13 02:33:27.834908 (pid/92004 [diskutil]) <Notice>: created
2024-08-13 02:33:27.835098 (pid/92004 [diskutil]) <Notice>: uncorking domain
2024-08-13 02:33:27.835525 (pid/92004 [diskutil]) <Notice>: Service stub created for com.apple.PerfPowerTelemetryClientRegistrationService
2024-08-13 02:33:27.835547 (pid/92004 [diskutil]) <Notice>: Service stub created for com.apple.appkit.xpc.ColorPickerImageLoader
2024-08-13 02:33:27.835563 (pid/92004 [diskutil]) <Notice>: Service stub created for com.apple.appkit.xpc.defaultSyncService
2024-08-13 02:33:27.835573 (pid/92004 [diskutil]) <Notice>: Service stub created for com.apple.appkit.xpc.documentPopoverViewService
2024-08-13 02:33:27.835575 (pid/92004 [diskutil]) <Notice>: Service stub created for com.apple.appkit.xpc.LegacyExternalColorPickerService.arm64
2024-08-13 02:33:27.835580 (pid/92004 [diskutil]) <Notice>: Service stub created for com.apple.appkit.xpc.LegacyExternalColorPickerService.x86_64
2024-08-13 02:33:27.835582 (pid/92004 [diskutil]) <Notice>: Service stub created for com.apple.MediaLibraryBrowser
2024-08-13 02:33:27.835586 (pid/92004 [diskutil]) <Notice>: Service stub created for com.apple.appkit.xpc.sandboxedServiceRunner
2024-08-13 02:33:27.835591 (pid/92004 [diskutil]) <Notice>: Service stub created for com.apple.appkit.xpc.ThemeWidgetControlViewService
2024-08-13 02:33:27.835594 (pid/92004 [diskutil]) <Notice>: Service stub created for com.apple.xpc.TypographyPanelService
2024-08-13 02:33:27.835595 (pid/92004 [diskutil]) <Notice>: Service stub created for com.apple.automator.xpc.workflowServiceRunner
2024-08-13 02:33:27.835597 (pid/92004 [diskutil]) <Notice>: Service stub created for com.apple.appkit.xpc.VersionsUIHelper
2024-08-13 02:33:27.835607 (pid/92004 [diskutil]) <Notice>: Service stub created for com.apple.appkit.xpc.openAndSavePanelService
2024-08-13 02:33:27.835738 (pid/92004 [diskutil]) <Notice>: Service stub created for com.apple.foundation.UserScriptService
2024-08-13 02:33:27.835868 (pid/92004 [diskutil]) <Notice>: Service stub created for com.apple.ImageIOXPCService
2024-08-13 02:33:27.835886 (pid/92004 [diskutil]) <Notice>: Service stub created for com.apple.CoreGraphics.CGPDFService
2024-08-13 02:33:27.835935 (pid/92004 [diskutil]) <Notice>: Service stub created for com.apple.diskimagescontroller
2024-08-13 02:33:27.835955 (pid/92004 [diskutil]) <Notice>: Service stub created for com.apple.textkit.nsattributedstringagent
2024-08-13 02:33:27.835981 (pid/92004 [diskutil]) <Notice>: Service stub created for com.apple.speech.SpeechSynthesisServerXPC
2024-08-13 02:33:27.836065 (pid/92004 [diskutil]) <Notice>: Service stub created for com.apple.audio.Core-Audio-Driver-Service.helper
2024-08-13 02:33:27.836077 (pid/92004 [diskutil]) <Notice>: Service stub created for com.apple.audio.Core-Audio-Driver-Service
2024-08-13 02:33:27.836082 (pid/92004 [diskutil]) <Notice>: Service stub created for com.apple.audio.DriverHelper
2024-08-13 02:33:27.836094 (pid/92004 [diskutil]) <Notice>: Service stub created for com.apple.extensionkitservice
2024-08-13 02:33:27.836236 (pid/92004 [diskutil]) <Notice>: Service stub created for com.apple.CoreDisplay.XPCService
2024-08-13 02:33:27.836256 (pid/92004 [diskutil]) <Notice>: Service stub created for com.apple.CMValidateMovieDataReferenceService
2024-08-13 02:33:27.836290 (pid/92004 [diskutil]) <Notice>: Service stub created for com.apple.audio.AUHostingService.x86-64
2024-08-13 02:33:27.836292 (pid/92004 [diskutil]) <Notice>: Service stub created for com.apple.audio.AUHostingService.arm64e
2024-08-13 02:33:27.836294 (pid/92004 [diskutil]) <Notice>: Service stub created for com.apple.audio.AudioConverterService
2024-08-13 02:33:27.836307 (pid/92004 [diskutil]) <Notice>: Service stub created for com.apple.audio.CarbonComponentScanner.x86-64
2024-08-13 02:33:27.836314 (pid/92004 [diskutil]) <Notice>: Service stub created for com.apple.audio.ComponentTagHelper
2024-08-13 02:33:27.836316 (pid/92004 [diskutil]) <Notice>: Service stub created for com.apple.audio.InfoHelper
2024-08-13 02:33:27.836322 (pid/92004 [diskutil]) <Notice>: Service stub created for com.apple.audio.SandboxHelper
2024-08-13 02:33:27.836331 (pid/92004 [diskutil]) <Notice>: Service stub created for com.apple.internal.DataDetectorsRemoteScanner
2024-08-13 02:33:27.836352 (pid/92004 [diskutil]) <Notice>: Service stub created for com.apple.OSLogService
2024-08-13 02:33:27.836431 (pid/92004 [diskutil]) <Notice>: Service stub created for com.apple.coremedia.videodecoder
2024-08-13 02:33:27.836436 (pid/92004 [diskutil]) <Notice>: Service stub created for com.apple.coremedia.videodecoder.zonto
2024-08-13 02:33:27.836439 (pid/92004 [diskutil]) <Notice>: Service stub created for com.apple.coremedia.videoencoder
2024-08-13 02:33:27.836441 (pid/92004 [diskutil]) <Notice>: Service stub created for com.apple.coremedia.videoencoder.zonto
2024-08-13 02:33:27.836543 (pid/92004 [diskutil]) <Notice>: Service stub created for com.apple.ColorSyncXPCAgent
2024-08-13 02:33:27.836637 (pid/92004 [diskutil]) <Notice>: Service stub created for com.apple.security.XPCAcmeService
2024-08-13 02:33:27.836717 (pid/92004 [diskutil]) <Notice>: Service stub created for com.apple.MTLCompilerService
2024-08-13 02:33:27.836764 (pid/92004 [diskutil]) <Notice>: Service stub created for com.apple.security.pboxd
2024-08-13 02:33:27.853649 (user/501/com.apple.mdworker.shared.0F000000-0700-0000-0000-000000000000 [91856]) <Notice>: exited due to exit(0), ran for 16947ms
2024-08-13 02:33:27.853662 (user/501/com.apple.mdworker.shared.0F000000-0700-0000-0000-000000000000 [91856]) <Notice>: service state: exited
2024-08-13 02:33:27.853691 (user/501/com.apple.mdworker.shared.0F000000-0700-0000-0000-000000000000 [91856]) <Notice>: internal event: EXITED, code = 0
2024-08-13 02:33:27.853694 (user/501) <Notice>: service inactive: com.apple.mdworker.shared.0F000000-0700-0000-0000-000000000000
2024-08-13 02:33:27.853696 (user/501) <Notice>: removing service: com.apple.mdworker.shared.0F000000-0700-0000-0000-000000000000
2024-08-13 02:33:27.853711 (user/501/com.apple.mdworker.shared.0F000000-0700-0000-0000-000000000000 [91856]) <Notice>: internal event: PETRIFIED, code = 0
2024-08-13 02:33:27.853715 (user/501/com.apple.mdworker.shared.0F000000-0700-0000-0000-000000000000 [91856]) <Notice>: service state: not running
2024-08-13 02:33:27.853759 (pid/91856 [mdworker_shared]) <Notice>: shutting down
2024-08-13 02:33:27.853764 (pid/91856 [mdworker_shared]) <Notice>: cleaning up
2024-08-13 02:33:27.853845 (system) <Notice>: removing child: pid/91856
2024-08-13 02:33:27.854157 (user/501/com.apple.mdworker.shared.06000000-0100-0000-0000-000000000000 [91864]) <Notice>: exited due to exit(0), ran for 10617ms
2024-08-13 02:33:27.854160 (user/501/com.apple.mdworker.shared.06000000-0100-0000-0000-000000000000 [91864]) <Notice>: service state: exited
2024-08-13 02:33:27.854166 (user/501/com.apple.mdworker.shared.06000000-0100-0000-0000-000000000000 [91864]) <Notice>: internal event: EXITED, code = 0
2024-08-13 02:33:27.854168 (user/501) <Notice>: service inactive: com.apple.mdworker.shared.06000000-0100-0000-0000-000000000000
2024-08-13 02:33:27.854169 (user/501) <Notice>: removing service: com.apple.mdworker.shared.06000000-0100-0000-0000-000000000000
2024-08-13 02:33:27.854178 (user/501/com.apple.mdworker.shared.06000000-0100-0000-0000-000000000000 [91864]) <Notice>: internal event: PETRIFIED, code = 0
2024-08-13 02:33:27.854180 (user/501/com.apple.mdworker.shared.06000000-0100-0000-0000-000000000000 [91864]) <Notice>: service state: not running
2024-08-13 02:33:27.854188 (pid/91864 [mdworker_shared]) <Notice>: shutting down
2024-08-13 02:33:27.854192 (pid/91864 [mdworker_shared]) <Notice>: cleaning up
2024-08-13 02:33:27.854209 (system) <Notice>: removing child: pid/91864
2024-08-13 02:33:27.856334 (user/501/com.apple.mdworker.shared.0C000000-0200-0000-0000-000000000000 [91863]) <Notice>: exited due to exit(0), ran for 10619ms
2024-08-13 02:33:27.856348 (user/501/com.apple.mdworker.shared.0C000000-0200-0000-0000-000000000000 [91863]) <Notice>: service state: exited
2024-08-13 02:33:27.856354 (user/501/com.apple.mdworker.shared.0C000000-0200-0000-0000-000000000000 [91863]) <Notice>: internal event: EXITED, code = 0
2024-08-13 02:33:27.856356 (user/501) <Notice>: service inactive: com.apple.mdworker.shared.0C000000-0200-0000-0000-000000000000
2024-08-13 02:33:27.856358 (user/501) <Notice>: removing service: com.apple.mdworker.shared.0C000000-0200-0000-0000-000000000000
2024-08-13 02:33:27.856370 (user/501/com.apple.mdworker.shared.0C000000-0200-0000-0000-000000000000 [91863]) <Notice>: internal event: PETRIFIED, code = 0
2024-08-13 02:33:27.856374 (user/501/com.apple.mdworker.shared.0C000000-0200-0000-0000-000000000000 [91863]) <Notice>: service state: not running
2024-08-13 02:33:27.856466 (pid/91863 [mdworker_shared]) <Notice>: shutting down
2024-08-13 02:33:27.856472 (pid/91863 [mdworker_shared]) <Notice>: cleaning up
2024-08-13 02:33:27.856478 (system) <Notice>: removing child: pid/91863
2024-08-13 02:33:27.856774 (user/501/com.apple.mdworker.shared.10000000-0600-0000-0000-000000000000 [91853]) <Notice>: exited due to exit(0), ran for 20965ms
2024-08-13 02:33:27.856778 (user/501/com.apple.mdworker.shared.10000000-0600-0000-0000-000000000000 [91853]) <Notice>: service state: exited
2024-08-13 02:33:27.856782 (user/501/com.apple.mdworker.shared.10000000-0600-0000-0000-000000000000 [91853]) <Notice>: internal event: EXITED, code = 0
2024-08-13 02:33:27.856784 (user/501) <Notice>: service inactive: com.apple.mdworker.shared.10000000-0600-0000-0000-000000000000
2024-08-13 02:33:27.856786 (user/501) <Notice>: removing service: com.apple.mdworker.shared.10000000-0600-0000-0000-000000000000
2024-08-13 02:33:27.856795 (user/501/com.apple.mdworker.shared.10000000-0600-0000-0000-000000000000 [91853]) <Notice>: internal event: PETRIFIED, code = 0
2024-08-13 02:33:27.856798 (user/501/com.apple.mdworker.shared.10000000-0600-0000-0000-000000000000 [91853]) <Notice>: service state: not running
2024-08-13 02:33:27.856809 (pid/91853 [mdworker_shared]) <Notice>: shutting down
2024-08-13 02:33:27.856814 (pid/91853 [mdworker_shared]) <Notice>: cleaning up
2024-08-13 02:33:27.856843 (system) <Notice>: removing child: pid/91853
2024-08-13 02:33:27.858748 (user/501/com.apple.mdworker.shared.05000000-0500-0000-0000-000000000000 [91857]) <Notice>: exited due to exit(0), ran for 16951ms
2024-08-13 02:33:27.858758 (user/501/com.apple.mdworker.shared.05000000-0500-0000-0000-000000000000 [91857]) <Notice>: service state: exited
2024-08-13 02:33:27.858764 (user/501/com.apple.mdworker.shared.05000000-0500-0000-0000-000000000000 [91857]) <Notice>: internal event: EXITED, code = 0
2024-08-13 02:33:27.858766 (user/501) <Notice>: service inactive: com.apple.mdworker.shared.05000000-0500-0000-0000-000000000000
2024-08-13 02:33:27.858769 (user/501) <Notice>: removing service: com.apple.mdworker.shared.05000000-0500-0000-0000-000000000000
2024-08-13 02:33:27.858780 (user/501/com.apple.mdworker.shared.05000000-0500-0000-0000-000000000000 [91857]) <Notice>: internal event: PETRIFIED, code = 0
2024-08-13 02:33:27.858784 (user/501/com.apple.mdworker.shared.05000000-0500-0000-0000-000000000000 [91857]) <Notice>: service state: not running
2024-08-13 02:33:27.858796 (pid/91857 [mdworker_shared]) <Notice>: shutting down
2024-08-13 02:33:27.858801 (pid/91857 [mdworker_shared]) <Notice>: cleaning up
2024-08-13 02:33:27.858834 (system) <Notice>: removing child: pid/91857
2024-08-13 02:33:27.951227 (pid/92004 [diskutil]) <Notice>: shutting down
2024-08-13 02:33:27.951277 (pid/92004 [diskutil]) <Notice>: cleaning up
2024-08-13 02:33:27.951288 (system) <Notice>: removing child: pid/92004
2024-08-13 02:33:27.962294 (pid/92006 [diskutil]) <Notice>: uncorking exec source upfront
2024-08-13 02:33:27.962302 (pid/92006 [diskutil]) <Notice>: created
2024-08-13 02:33:27.962513 (pid/92006 [diskutil]) <Notice>: uncorking domain
2024-08-13 02:33:27.962768 (pid/92006 [diskutil]) <Notice>: Service stub created for com.apple.PerfPowerTelemetryClientRegistrationService
2024-08-13 02:33:27.962790 (pid/92006 [diskutil]) <Notice>: Service stub created for com.apple.appkit.xpc.ColorPickerImageLoader
2024-08-13 02:33:27.962800 (pid/92006 [diskutil]) <Notice>: Service stub created for com.apple.appkit.xpc.defaultSyncService
2024-08-13 02:33:27.962803 (pid/92006 [diskutil]) <Notice>: Service stub created for com.apple.appkit.xpc.documentPopoverViewService
2024-08-13 02:33:27.962806 (pid/92006 [diskutil]) <Notice>: Service stub created for com.apple.appkit.xpc.LegacyExternalColorPickerService.arm64
2024-08-13 02:33:27.962808 (pid/92006 [diskutil]) <Notice>: Service stub created for com.apple.appkit.xpc.LegacyExternalColorPickerService.x86_64
2024-08-13 02:33:27.962810 (pid/92006 [diskutil]) <Notice>: Service stub created for com.apple.MediaLibraryBrowser
2024-08-13 02:33:27.962812 (pid/92006 [diskutil]) <Notice>: Service stub created for com.apple.appkit.xpc.sandboxedServiceRunner
2024-08-13 02:33:27.962817 (pid/92006 [diskutil]) <Notice>: Service stub created for com.apple.appkit.xpc.ThemeWidgetControlViewService
2024-08-13 02:33:27.962819 (pid/92006 [diskutil]) <Notice>: Service stub created for com.apple.xpc.TypographyPanelService
2024-08-13 02:33:27.962822 (pid/92006 [diskutil]) <Notice>: Service stub created for com.apple.automator.xpc.workflowServiceRunner
2024-08-13 02:33:27.962824 (pid/92006 [diskutil]) <Notice>: Service stub created for com.apple.appkit.xpc.VersionsUIHelper
2024-08-13 02:33:27.962827 (pid/92006 [diskutil]) <Notice>: Service stub created for com.apple.appkit.xpc.openAndSavePanelService
2024-08-13 02:33:27.962899 (pid/92006 [diskutil]) <Notice>: Service stub created for com.apple.foundation.UserScriptService
2024-08-13 02:33:27.962994 (pid/92006 [diskutil]) <Notice>: Service stub created for com.apple.ImageIOXPCService
2024-08-13 02:33:27.963001 (pid/92006 [diskutil]) <Notice>: Service stub created for com.apple.CoreGraphics.CGPDFService
2024-08-13 02:33:27.963049 (pid/92006 [diskutil]) <Notice>: Service stub created for com.apple.diskimagescontroller
2024-08-13 02:33:27.963058 (pid/92006 [diskutil]) <Notice>: Service stub created for com.apple.textkit.nsattributedstringagent
2024-08-13 02:33:27.963079 (pid/92006 [diskutil]) <Notice>: Service stub created for com.apple.speech.SpeechSynthesisServerXPC
2024-08-13 02:33:27.963127 (pid/92006 [diskutil]) <Notice>: Service stub created for com.apple.audio.Core-Audio-Driver-Service.helper
2024-08-13 02:33:27.963130 (pid/92006 [diskutil]) <Notice>: Service stub created for com.apple.audio.Core-Audio-Driver-Service
2024-08-13 02:33:27.963132 (pid/92006 [diskutil]) <Notice>: Service stub created for com.apple.audio.DriverHelper
2024-08-13 02:33:27.963138 (pid/92006 [diskutil]) <Notice>: Service stub created for com.apple.extensionkitservice
2024-08-13 02:33:27.963253 (pid/92006 [diskutil]) <Notice>: Service stub created for com.apple.CoreDisplay.XPCService
2024-08-13 02:33:27.963263 (pid/92006 [diskutil]) <Notice>: Service stub created for com.apple.CMValidateMovieDataReferenceService
2024-08-13 02:33:27.963300 (pid/92006 [diskutil]) <Notice>: Service stub created for com.apple.audio.AUHostingService.x86-64
2024-08-13 02:33:27.963302 (pid/92006 [diskutil]) <Notice>: Service stub created for com.apple.audio.AUHostingService.arm64e
2024-08-13 02:33:27.963303 (pid/92006 [diskutil]) <Notice>: Service stub created for com.apple.audio.AudioConverterService
2024-08-13 02:33:27.963307 (pid/92006 [diskutil]) <Notice>: Service stub created for com.apple.audio.CarbonComponentScanner.x86-64
2024-08-13 02:33:27.963311 (pid/92006 [diskutil]) <Notice>: Service stub created for com.apple.audio.ComponentTagHelper
2024-08-13 02:33:27.963313 (pid/92006 [diskutil]) <Notice>: Service stub created for com.apple.audio.InfoHelper
2024-08-13 02:33:27.963315 (pid/92006 [diskutil]) <Notice>: Service stub created for com.apple.audio.SandboxHelper
2024-08-13 02:33:27.963324 (pid/92006 [diskutil]) <Notice>: Service stub created for com.apple.internal.DataDetectorsRemoteScanner
2024-08-13 02:33:27.963349 (pid/92006 [diskutil]) <Notice>: Service stub created for com.apple.OSLogService
2024-08-13 02:33:27.963400 (pid/92006 [diskutil]) <Notice>: Service stub created for com.apple.coremedia.videodecoder
2024-08-13 02:33:27.963401 (pid/92006 [diskutil]) <Notice>: Service stub created for com.apple.coremedia.videodecoder.zonto
2024-08-13 02:33:27.963403 (pid/92006 [diskutil]) <Notice>: Service stub created for com.apple.coremedia.videoencoder
2024-08-13 02:33:27.963405 (pid/92006 [diskutil]) <Notice>: Service stub created for com.apple.coremedia.videoencoder.zonto
2024-08-13 02:33:27.963501 (pid/92006 [diskutil]) <Notice>: Service stub created for com.apple.ColorSyncXPCAgent
2024-08-13 02:33:27.963579 (pid/92006 [diskutil]) <Notice>: Service stub created for com.apple.security.XPCAcmeService
2024-08-13 02:33:27.963632 (pid/92006 [diskutil]) <Notice>: Service stub created for com.apple.MTLCompilerService
2024-08-13 02:33:27.963677 (pid/92006 [diskutil]) <Notice>: Service stub created for com.apple.security.pboxd
2024-08-13 02:33:28.075719 (pid/92006 [diskutil]) <Notice>: shutting down
2024-08-13 02:33:28.075767 (pid/92006 [diskutil]) <Notice>: cleaning up
2024-08-13 02:33:28.075776 (system) <Notice>: removing child: pid/92006
2024-08-13 02:33:30.251041 (gui/501 [100005]) <Warning>: denied lookup: name = com.apple.contactsd.persistence, requestor = imagent[620], error = 159: Sandbox restriction
2024-08-13 02:33:30.251979 <Notice>: Last log repeated 1 times
2024-08-13 02:33:30.251963 (gui/501 [100005]) <Warning>: denied lookup: name = com.apple.contactsd.persistence, requestor = searchpartyuser[1094], error = 159: Sandbox restriction
2024-08-13 02:33:30.336060 <Notice>: Last log repeated 1 times
2024-08-13 02:33:30.336025 (user/501) <Warning>: failed lookup: name = com.apple.tiswitcher.fromuiserver, flags = 0x1, requestor = CursorUIViewSer[693], error = 3: No such process
2024-08-13 02:33:31.686367 <Notice>: Last log repeated 1 times
2024-08-13 02:33:31.686346 (user/501/com.apple.mdworker.shared.0C000000-0300-0000-0000-000000000000) <Notice>: internal event: WILL_SPAWN, code = 0
2024-08-13 02:33:31.686359 (user/501/com.apple.mdworker.shared.0C000000-0300-0000-0000-000000000000) <Notice>: service state: spawn scheduled
2024-08-13 02:33:31.686362 (user/501/com.apple.mdworker.shared.0C000000-0300-0000-0000-000000000000) <Notice>: service state: spawning
2024-08-13 02:33:31.686413 (user/501/com.apple.mdworker.shared.0C000000-0300-0000-0000-000000000000) <Notice>: launching: ipc (mach)
2024-08-13 02:33:31.686975 (user/501/com.apple.mdworker.shared.0C000000-0300-0000-0000-000000000000 [92015]) <Notice>: xpcproxy spawned with pid 92015
2024-08-13 02:33:31.686989 (user/501/com.apple.mdworker.shared.0C000000-0300-0000-0000-000000000000 [92015]) <Notice>: internal event: SPAWNED, code = 0
2024-08-13 02:33:31.686993 (user/501/com.apple.mdworker.shared.0C000000-0300-0000-0000-000000000000 [92015]) <Notice>: service state: xpcproxy
2024-08-13 02:33:31.687003 (user/501/com.apple.mdworker.shared.0C000000-0300-0000-0000-000000000000 [92015]) <Notice>: internal event: SOURCE_ATTACH, code = 0
2024-08-13 02:33:31.697500 (user/501/com.apple.mdworker.shared.0C000000-0300-0000-0000-000000000000 [92015]) <Notice>: service state: running
2024-08-13 02:33:31.697514 (user/501/com.apple.mdworker.shared.0C000000-0300-0000-0000-000000000000 [92015]) <Notice>: internal event: INIT, code = 0
2024-08-13 02:33:31.697547 (user/501/com.apple.mdworker.shared.0C000000-0300-0000-0000-000000000000 [92015]) <Notice>: Successfully spawned mdworker_shared[92015] because ipc (mach)
2024-08-13 02:33:31.703763 (pid/92015 [mdworker_shared]) <Notice>: uncorking exec source upfront
2024-08-13 02:33:31.703781 (pid/92015 [mdworker_shared]) <Notice>: created
2024-08-13 02:33:33.256719 (gui/501 [100005]) <Warning>: denied lookup: name = com.apple.contactsd.persistence, requestor = imagent[620], error = 159: Sandbox restriction
2024-08-13 02:33:33.256965 (gui/501 [100005]) <Warning>: denied lookup: name = com.apple.contactsd.persistence, requestor = searchpartyuser[1094], error = 159: Sandbox restriction
2024-08-13 02:33:33.257383 (gui/501 [100005]) <Warning>: denied lookup: name = com.apple.contactsd.persistence, requestor = imagent[620], error = 159: Sandbox restriction
2024-08-13 02:33:33.257458 (gui/501 [100005]) <Warning>: denied lookup: name = com.apple.contactsd.persistence, requestor = searchpartyuser[1094], error = 159: Sandbox restriction
2024-08-13 02:33:33.806089 (user/501/com.apple.mdworker.shared.06000000-0200-0000-0000-000000000000) <Notice>: internal event: WILL_SPAWN, code = 0
2024-08-13 02:33:33.806110 (user/501/com.apple.mdworker.shared.06000000-0200-0000-0000-000000000000) <Notice>: service state: spawn scheduled
2024-08-13 02:33:33.806113 (user/501/com.apple.mdworker.shared.06000000-0200-0000-0000-000000000000) <Notice>: service state: spawning
2024-08-13 02:33:33.806171 (user/501/com.apple.mdworker.shared.06000000-0200-0000-0000-000000000000) <Notice>: launching: ipc (mach)
2024-08-13 02:33:33.808417 (user/501/com.apple.mdworker.shared.06000000-0200-0000-0000-000000000000 [92016]) <Notice>: xpcproxy spawned with pid 92016
2024-08-13 02:33:33.808446 (user/501/com.apple.mdworker.shared.06000000-0200-0000-0000-000000000000 [92016]) <Notice>: internal event: SPAWNED, code = 0
2024-08-13 02:33:33.808450 (user/501/com.apple.mdworker.shared.06000000-0200-0000-0000-000000000000 [92016]) <Notice>: service state: xpcproxy
2024-08-13 02:33:33.808470 (user/501/com.apple.mdworker.shared.06000000-0200-0000-0000-000000000000 [92016]) <Notice>: internal event: SOURCE_ATTACH, code = 0
2024-08-13 02:33:33.819997 (user/501/com.apple.mdworker.shared.06000000-0200-0000-0000-000000000000 [92016]) <Notice>: service state: running
2024-08-13 02:33:33.820039 (user/501/com.apple.mdworker.shared.06000000-0200-0000-0000-000000000000 [92016]) <Notice>: internal event: INIT, code = 0
2024-08-13 02:33:33.820103 (user/501/com.apple.mdworker.shared.06000000-0200-0000-0000-000000000000 [92016]) <Notice>: Successfully spawned mdworker_shared[92016] because ipc (mach)
2024-08-13 02:33:33.827483 (pid/92016 [mdworker_shared]) <Notice>: uncorking exec source upfront
2024-08-13 02:33:33.827516 (pid/92016 [mdworker_shared]) <Notice>: created
2024-08-13 02:33:36.259584 (gui/501 [100005]) <Warning>: denied lookup: name = com.apple.contactsd.persistence, requestor = imagent[620], error = 159: Sandbox restriction
2024-08-13 02:33:36.261462 <Notice>: Last log repeated 3 times
2024-08-13 02:33:36.261192 (gui/501 [100005]) <Warning>: denied lookup: name = com.apple.contactsd.persistence, requestor = searchpartyuser[1094], error = 159: Sandbox restriction
2024-08-13 02:33:36.266041 <Notice>: Last log repeated 3 times
2024-08-13 02:33:36.266021 (gui/501 [100005]) <Warning>: denied lookup: name = com.apple.AddressBook.ContactsAccountsService, requestor = imagent[620], error = 159: Sandbox restriction
2024-08-13 02:33:36.266087 (gui/501 [100005]) <Warning>: denied lookup: name = com.apple.AddressBook.ContactsAccountsService, requestor = searchpartyuser[1094], error = 159: Sandbox restriction
2024-08-13 02:33:36.271059 (gui/501 [100005]) <Warning>: denied lookup: name = com.apple.contactsd.persistence, requestor = imagent[620], error = 159: Sandbox restriction
2024-08-13 02:33:36.271114 (gui/501 [100005]) <Warning>: denied lookup: name = com.apple.contactsd.persistence, requestor = searchpartyuser[1094], error = 159: Sandbox restriction
2024-08-13 02:33:36.271310 (gui/501 [100005]) <Warning>: denied lookup: name = com.apple.contactsd.persistence, requestor = imagent[620], error = 159: Sandbox restriction
2024-08-13 02:33:36.271349 (gui/501 [100005]) <Warning>: denied lookup: name = com.apple.contactsd.persistence, requestor = searchpartyuser[1094], error = 159: Sandbox restriction
2024-08-13 02:33:36.271630 <Notice>: Last log repeated 1 times
2024-08-13 02:33:36.271589 (gui/501 [100005]) <Warning>: denied lookup: name = com.apple.contactsd.persistence, requestor = imagent[620], error = 159: Sandbox restriction
2024-08-13 02:33:36.271750 (gui/501 [100005]) <Warning>: denied lookup: name = com.apple.contactsd.persistence, requestor = searchpartyuser[1094], error = 159: Sandbox restriction
2024-08-13 02:33:36.271790 (gui/501 [100005]) <Warning>: denied lookup: name = com.apple.contactsd.persistence, requestor = imagent[620], error = 159: Sandbox restriction
2024-08-13 02:33:36.272221 (gui/501 [100005]) <Warning>: denied lookup: name = com.apple.contactsd.persistence, requestor = searchpartyuser[1094], error = 159: Sandbox restriction
2024-08-13 02:33:36.272302 (gui/501 [100005]) <Warning>: denied lookup: name = com.apple.contactsd.persistence, requestor = imagent[620], error = 159: Sandbox restriction
2024-08-13 02:33:36.272418 (gui/501 [100005]) <Warning>: denied lookup: name = com.apple.contactsd.persistence, requestor = searchpartyuser[1094], error = 159: Sandbox restriction
2024-08-13 02:33:36.272495 (gui/501 [100005]) <Warning>: denied lookup: name = com.apple.contactsd.persistence, requestor = imagent[620], error = 159: Sandbox restriction
2024-08-13 02:33:36.272634 (gui/501 [100005]) <Warning>: denied lookup: name = com.apple.contactsd.persistence, requestor = searchpartyuser[1094], error = 159: Sandbox restriction
2024-08-13 02:33:36.272679 (gui/501 [100005]) <Warning>: denied lookup: name = com.apple.contactsd.persistence, requestor = imagent[620], error = 159: Sandbox restriction
2024-08-13 02:33:36.272810 (gui/501 [100005]) <Warning>: denied lookup: name = com.apple.contactsd.persistence, requestor = searchpartyuser[1094], error = 159: Sandbox restriction
2024-08-13 02:33:36.272864 (gui/501 [100005]) <Warning>: denied lookup: name = com.apple.contactsd.persistence, requestor = imagent[620], error = 159: Sandbox restriction
2024-08-13 02:33:39.278665 <Notice>: Last log repeated 1 times
2024-08-13 02:33:39.278618 (gui/501 [100005]) <Warning>: denied lookup: name = com.apple.contactsd.persistence, requestor = searchpartyuser[1094], error = 159: Sandbox restriction
2024-08-13 02:33:39.279277 (gui/501 [100005]) <Warning>: denied lookup: name = com.apple.contactsd.persistence, requestor = imagent[620], error = 159: Sandbox restriction
2024-08-13 02:33:39.279375 (gui/501 [100005]) <Warning>: denied lookup: name = com.apple.contactsd.persistence, requestor = searchpartyuser[1094], error = 159: Sandbox restriction
2024-08-13 02:33:42.284951 <Notice>: Last log repeated 1 times
2024-08-13 02:33:42.284914 (gui/501 [100005]) <Warning>: denied lookup: name = com.apple.contactsd.persistence, requestor = imagent[620], error = 159: Sandbox restriction
2024-08-13 02:33:42.285094 (gui/501 [100005]) <Warning>: denied lookup: name = com.apple.contactsd.persistence, requestor = searchpartyuser[1094], error = 159: Sandbox restriction
2024-08-13 02:33:42.285311 (gui/501 [100005]) <Warning>: denied lookup: name = com.apple.contactsd.persistence, requestor = imagent[620], error = 159: Sandbox restriction
2024-08-13 02:33:42.361053 (gui/501/com.apple.Safari.SafeBrowsing.Service) <Notice>: internal event: WILL_SPAWN, code = 0
2024-08-13 02:33:42.361078 (gui/501/com.apple.Safari.SafeBrowsing.Service) <Notice>: service state: spawn scheduled
2024-08-13 02:33:42.361080 (gui/501/com.apple.Safari.SafeBrowsing.Service) <Notice>: service state: spawning
2024-08-13 02:33:42.361129 (gui/501/com.apple.Safari.SafeBrowsing.Service) <Notice>: launching: xpc event
2024-08-13 02:33:42.362421 (gui/501/com.apple.Safari.SafeBrowsing.Service [92018]) <Notice>: xpcproxy spawned with pid 92018
2024-08-13 02:33:42.362458 (gui/501/com.apple.Safari.SafeBrowsing.Service [92018]) <Notice>: internal event: SPAWNED, code = 0
2024-08-13 02:33:42.362462 (gui/501/com.apple.Safari.SafeBrowsing.Service [92018]) <Notice>: service state: xpcproxy
2024-08-13 02:33:42.362515 (gui/501/com.apple.Safari.SafeBrowsing.Service [92018]) <Notice>: internal event: SOURCE_ATTACH, code = 0
2024-08-13 02:33:42.375946 (gui/501/com.apple.Safari.SafeBrowsing.Service [92018]) <Notice>: service state: running
2024-08-13 02:33:42.375964 (gui/501/com.apple.Safari.SafeBrowsing.Service [92018]) <Notice>: internal event: INIT, code = 0
2024-08-13 02:33:42.375968 (gui/501/com.apple.Safari.SafeBrowsing.Service [92018]) <Notice>: job state = running
2024-08-13 02:33:42.376007 (gui/501/com.apple.Safari.SafeBrowsing.Service [92018]) <Notice>: Successfully spawned com.apple.Safari.SafeBrowsing.Service[92018] because xpc event
2024-08-13 02:33:42.385942 (pid/92018 [com.apple.Safar]) <Notice>: uncorking exec source upfront
2024-08-13 02:33:42.386062 (pid/92018 [com.apple.Safar]) <Notice>: created
2024-08-13 02:33:42.505061 (system/com.apple.aneuserd) <Notice>: internal event: WILL_SPAWN, code = 0
2024-08-13 02:33:42.505077 (system/com.apple.aneuserd) <Notice>: service state: spawn scheduled
2024-08-13 02:33:42.505079 (system/com.apple.aneuserd) <Notice>: service state: spawning
2024-08-13 02:33:42.505103 (system/com.apple.aneuserd) <Notice>: launching: xpc event
2024-08-13 02:33:42.506694 (system/com.apple.aneuserd [92019]) <Notice>: xpcproxy spawned with pid 92019
2024-08-13 02:33:42.506719 (system/com.apple.aneuserd [92019]) <Notice>: internal event: SPAWNED, code = 0
2024-08-13 02:33:42.506722 (system/com.apple.aneuserd [92019]) <Notice>: service state: xpcproxy
2024-08-13 02:33:42.506782 (system/com.apple.aneuserd [92019]) <Notice>: internal event: SOURCE_ATTACH, code = 0
2024-08-13 02:33:42.506860 (system/com.apple.aned) <Notice>: internal event: WILL_SPAWN, code = 0
2024-08-13 02:33:42.506864 (system/com.apple.aned) <Notice>: service state: spawn scheduled
2024-08-13 02:33:42.506865 (system/com.apple.aned) <Notice>: service state: spawning
2024-08-13 02:33:42.506882 (system/com.apple.aned) <Notice>: launching: xpc event
2024-08-13 02:33:42.508593 (system/com.apple.aned [92020]) <Notice>: xpcproxy spawned with pid 92020
2024-08-13 02:33:42.508616 (system/com.apple.aned [92020]) <Notice>: internal event: SPAWNED, code = 0
2024-08-13 02:33:42.508621 (system/com.apple.aned [92020]) <Notice>: service state: xpcproxy
2024-08-13 02:33:42.508689 (system/com.apple.aned [92020]) <Notice>: internal event: SOURCE_ATTACH, code = 0
2024-08-13 02:33:42.514605 (system/com.apple.aned [92020]) <Notice>: service state: running
2024-08-13 02:33:42.514620 (system/com.apple.aned [92020]) <Notice>: internal event: INIT, code = 0
2024-08-13 02:33:42.514623 (system/com.apple.aned [92020]) <Notice>: job state = running
2024-08-13 02:33:42.514662 (system/com.apple.aned [92020]) <Notice>: Successfully spawned aned[92020] because xpc event
2024-08-13 02:33:42.516941 (system/com.apple.aneuserd [92019]) <Notice>: service state: running
2024-08-13 02:33:42.516953 (system/com.apple.aneuserd [92019]) <Notice>: internal event: INIT, code = 0
2024-08-13 02:33:42.516962 (system/com.apple.aneuserd [92019]) <Notice>: job state = running
2024-08-13 02:33:42.516983 (system/com.apple.aneuserd [92019]) <Notice>: Successfully spawned aneuserd[92019] because xpc event
2024-08-13 02:33:42.519414 (pid/92020 [aned]) <Notice>: uncorking exec source upfront
2024-08-13 02:33:42.519459 (pid/92020 [aned]) <Notice>: created
2024-08-13 02:33:42.521454 (pid/92019 [aneuserd]) <Notice>: uncorking exec source upfront
2024-08-13 02:33:42.521475 (pid/92019 [aneuserd]) <Notice>: created
2024-08-13 02:33:45.286269 (gui/501 [100005]) <Warning>: denied lookup: name = com.apple.contactsd.persistence, requestor = imagent[620], error = 159: Sandbox restriction
2024-08-13 02:33:45.290692 <Notice>: Last log repeated 1 times
2024-08-13 02:33:45.290654 (gui/501 [100005]) <Warning>: denied lookup: name = com.apple.contactsd.persistence, requestor = searchpartyuser[1094], error = 159: Sandbox restriction
2024-08-13 02:33:48.290463 <Notice>: Last log repeated 1 times
2024-08-13 02:33:48.290414 (gui/501 [100005]) <Warning>: denied lookup: name = com.apple.contactsd.persistence, requestor = imagent[620], error = 159: Sandbox restriction
2024-08-13 02:33:48.292493 <Notice>: Last log repeated 1 times
2024-08-13 02:33:48.292282 (gui/501 [100005]) <Warning>: denied lookup: name = com.apple.contactsd.persistence, requestor = searchpartyuser[1094], error = 159: Sandbox restriction
2024-08-13 02:33:49.494624 <Notice>: Last log repeated 1 times
2024-08-13 02:33:49.494585 (system) <Warning>: failed lookup: name = com.apple.AppleLOM.Watchdog, flags = 0x1, requestor = watchdogd[112], error = 3: No such process
2024-08-13 02:33:51.294601 (gui/501 [100005]) <Warning>: denied lookup: name = com.apple.contactsd.persistence, requestor = searchpartyuser[1094], error = 159: Sandbox restriction
2024-08-13 02:33:51.296274 <Notice>: Last log repeated 1 times
2024-08-13 02:33:51.296261 (gui/501 [100005]) <Warning>: denied lookup: name = com.apple.contactsd.persistence, requestor = imagent[620], error = 159: Sandbox restriction
2024-08-13 02:33:53.169108 <Notice>: Last log repeated 1 times
2024-08-13 02:33:53.169027 (gui/501/com.apple.accessibility.axassetsd) <Notice>: internal event: WILL_SPAWN, code = 0
2024-08-13 02:33:53.169068 (gui/501/com.apple.accessibility.axassetsd) <Notice>: service state: spawn scheduled
2024-08-13 02:33:53.169071 (gui/501/com.apple.accessibility.axassetsd) <Notice>: service state: spawning
2024-08-13 02:33:53.169119 (gui/501/com.apple.accessibility.axassetsd) <Notice>: launching: xpc event
2024-08-13 02:33:53.171996 (gui/501/com.apple.accessibility.axassetsd [92022]) <Notice>: xpcproxy spawned with pid 92022
2024-08-13 02:33:53.172020 (gui/501/com.apple.accessibility.axassetsd [92022]) <Notice>: internal event: SPAWNED, code = 0
2024-08-13 02:33:53.172026 (gui/501/com.apple.accessibility.axassetsd [92022]) <Notice>: service state: xpcproxy
2024-08-13 02:33:53.172141 (gui/501/com.apple.accessibility.axassetsd [92022]) <Notice>: internal event: SOURCE_ATTACH, code = 0
2024-08-13 02:33:53.190199 (gui/501/com.apple.accessibility.axassetsd [92022]) <Notice>: service state: running
2024-08-13 02:33:53.190213 (gui/501/com.apple.accessibility.axassetsd [92022]) <Notice>: internal event: INIT, code = 0
2024-08-13 02:33:53.190221 (gui/501/com.apple.accessibility.axassetsd [92022]) <Notice>: job state = running
2024-08-13 02:33:53.190262 (gui/501/com.apple.accessibility.axassetsd [92022]) <Notice>: Successfully spawned axassetsd[92022] because xpc event
2024-08-13 02:33:53.212454 (pid/92022 [axassetsd]) <Notice>: uncorking exec source upfront
2024-08-13 02:33:53.212474 (pid/92022 [axassetsd]) <Notice>: created
2024-08-13 02:33:53.269416 (gui/501/com.apple.audio.AudioComponentRegistrar) <Notice>: internal event: WILL_SPAWN, code = 0
2024-08-13 02:33:53.269431 (gui/501/com.apple.audio.AudioComponentRegistrar) <Notice>: service state: spawn scheduled
2024-08-13 02:33:53.269433 (gui/501/com.apple.audio.AudioComponentRegistrar) <Notice>: service state: spawning
2024-08-13 02:33:53.269449 (gui/501/com.apple.audio.AudioComponentRegistrar) <Notice>: launching: ipc (mach)
2024-08-13 02:33:53.270004 (gui/501/com.apple.audio.AudioComponentRegistrar [92023]) <Notice>: xpcproxy spawned with pid 92023
2024-08-13 02:33:53.270021 (gui/501/com.apple.audio.AudioComponentRegistrar [92023]) <Notice>: internal event: SPAWNED, code = 0
2024-08-13 02:33:53.270023 (gui/501/com.apple.audio.AudioComponentRegistrar [92023]) <Notice>: service state: xpcproxy
2024-08-13 02:33:53.270037 (gui/501/com.apple.audio.AudioComponentRegistrar [92023]) <Notice>: internal event: SOURCE_ATTACH, code = 0
2024-08-13 02:33:53.276198 (gui/501/com.apple.audio.AudioComponentRegistrar [92023]) <Notice>: service state: running
2024-08-13 02:33:53.276207 (gui/501/com.apple.audio.AudioComponentRegistrar [92023]) <Notice>: internal event: INIT, code = 0
2024-08-13 02:33:53.276209 (gui/501/com.apple.audio.AudioComponentRegistrar [92023]) <Notice>: job state = running
2024-08-13 02:33:53.276240 (gui/501/com.apple.audio.AudioComponentRegistrar [92023]) <Notice>: Successfully spawned AudioComponentRegistrar[92023] because ipc (mach)
2024-08-13 02:33:53.278775 (pid/92023 [AudioComponentR]) <Notice>: uncorking exec source upfront
2024-08-13 02:33:53.278788 (pid/92023 [AudioComponentR]) <Notice>: created
2024-08-13 02:33:53.334014 (pid/92023 [AudioComponentR]) <Notice>: uncorking domain
2024-08-13 02:33:53.334407 (pid/92023 [AudioComponentR]) <Notice>: Service stub created for com.apple.PerfPowerTelemetryClientRegistrationService
2024-08-13 02:33:53.334441 (pid/92023 [AudioComponentR]) <Notice>: Service stub created for com.apple.foundation.UserScriptService
2024-08-13 02:33:53.334598 (pid/92023 [AudioComponentR]) <Notice>: Service stub created for com.apple.CoreGraphics.CGPDFService
2024-08-13 02:33:53.334613 (pid/92023 [AudioComponentR]) <Notice>: Service stub created for com.apple.ImageIOXPCService
2024-08-13 02:33:53.334699 (pid/92023 [AudioComponentR]) <Notice>: Service stub created for com.apple.audio.Core-Audio-Driver-Service.helper
2024-08-13 02:33:53.334707 (pid/92023 [AudioComponentR]) <Notice>: Service stub created for com.apple.audio.Core-Audio-Driver-Service
2024-08-13 02:33:53.334711 (pid/92023 [AudioComponentR]) <Notice>: Service stub created for com.apple.audio.DriverHelper
2024-08-13 02:33:53.334761 (pid/92023 [AudioComponentR]) <Notice>: Service stub created for com.apple.extensionkitservice
2024-08-13 02:33:53.334813 (pid/92023 [AudioComponentR]) <Notice>: Service stub created for com.apple.audio.AUHostingService.x86-64
2024-08-13 02:33:53.334821 (pid/92023 [AudioComponentR]) <Notice>: Service stub created for com.apple.audio.AUHostingService.arm64e
2024-08-13 02:33:53.334825 (pid/92023 [AudioComponentR]) <Notice>: Service stub created for com.apple.audio.AudioConverterService
2024-08-13 02:33:53.334839 (pid/92023 [AudioComponentR]) <Notice>: Service stub created for com.apple.audio.CarbonComponentScanner.x86-64
2024-08-13 02:33:53.334847 (pid/92023 [AudioComponentR]) <Notice>: Service stub created for com.apple.audio.ComponentTagHelper
2024-08-13 02:33:53.334852 (pid/92023 [AudioComponentR]) <Notice>: Service stub created for com.apple.audio.InfoHelper
2024-08-13 02:33:53.334857 (pid/92023 [AudioComponentR]) <Notice>: Service stub created for com.apple.audio.SandboxHelper
2024-08-13 02:33:53.334942 (pid/92023 [AudioComponentR]) <Notice>: Service stub created for com.apple.CoreDisplay.XPCService
2024-08-13 02:33:53.334958 (pid/92023 [AudioComponentR]) <Notice>: Service stub created for com.apple.CMValidateMovieDataReferenceService
2024-08-13 02:33:53.335091 (pid/92023 [AudioComponentR]) <Notice>: Service stub created for com.apple.coremedia.videodecoder
2024-08-13 02:33:53.335105 (pid/92023 [AudioComponentR]) <Notice>: Service stub created for com.apple.coremedia.videodecoder.zonto
2024-08-13 02:33:53.335109 (pid/92023 [AudioComponentR]) <Notice>: Service stub created for com.apple.coremedia.videoencoder
2024-08-13 02:33:53.335113 (pid/92023 [AudioComponentR]) <Notice>: Service stub created for com.apple.coremedia.videoencoder.zonto
2024-08-13 02:33:53.335263 (pid/92023 [AudioComponentR]) <Notice>: Service stub created for com.apple.ColorSyncXPCAgent
2024-08-13 02:33:53.335354 (pid/92023 [AudioComponentR]) <Notice>: Service stub created for com.apple.security.XPCAcmeService
2024-08-13 02:33:53.335474 (pid/92023 [AudioComponentR]) <Notice>: Service stub created for com.apple.MTLCompilerService
2024-08-13 02:33:53.335744 (pid/92023 [AudioComponentR]) <Notice>: Service stub initialized for com.apple.audio.CarbonComponentScanner.x86-64
2024-08-13 02:33:53.335754 (pid/92023/com.apple.audio.CarbonComponentScanner.x86-64) <Notice>: initialized endpoint after lookup
2024-08-13 02:33:53.335938 (pid/92023/com.apple.audio.CarbonComponentScanner.x86-64) <Notice>: internal event: WILL_SPAWN, code = 0
2024-08-13 02:33:53.335945 (pid/92023/com.apple.audio.CarbonComponentScanner.x86-64) <Notice>: service state: spawn scheduled
2024-08-13 02:33:53.335947 (pid/92023/com.apple.audio.CarbonComponentScanner.x86-64) <Notice>: service state: spawning
2024-08-13 02:33:53.335959 (pid/92023/com.apple.audio.CarbonComponentScanner.x86-64) <Notice>: launching: ipc (mach)
2024-08-13 02:33:53.336521 (pid/92023/com.apple.audio.CarbonComponentScanner.x86-64 [92024]) <Notice>: xpcproxy spawned with pid 92024
2024-08-13 02:33:53.336536 (pid/92023/com.apple.audio.CarbonComponentScanner.x86-64 [92024]) <Notice>: internal event: SPAWNED, code = 0
2024-08-13 02:33:53.336538 (pid/92023/com.apple.audio.CarbonComponentScanner.x86-64 [92024]) <Notice>: service state: xpcproxy
2024-08-13 02:33:53.336549 (pid/92023/com.apple.audio.CarbonComponentScanner.x86-64 [92024]) <Notice>: internal event: SOURCE_ATTACH, code = 0
2024-08-13 02:33:53.345550 (pid/92023/com.apple.audio.CarbonComponentScanner.x86-64 [92024]) <Notice>: service state: running
2024-08-13 02:33:53.345560 (pid/92023/com.apple.audio.CarbonComponentScanner.x86-64 [92024]) <Notice>: internal event: INIT, code = 0
2024-08-13 02:33:53.345590 (pid/92023/com.apple.audio.CarbonComponentScanner.x86-64 [92024]) <Notice>: Successfully spawned CarbonComponentScannerXPC[92024] because ipc (mach)
2024-08-13 02:33:54.300382 (gui/501 [100005]) <Warning>: denied lookup: name = com.apple.contactsd.persistence, requestor = searchpartyuser[1094], error = 159: Sandbox restriction
2024-08-13 02:33:54.301558 <Notice>: Last log repeated 1 times
2024-08-13 02:33:54.301543 (gui/501 [100005]) <Warning>: denied lookup: name = com.apple.contactsd.persistence, requestor = imagent[620], error = 159: Sandbox restriction
2024-08-13 02:33:54.394273 <Notice>: Last log repeated 1 times
2024-08-13 02:33:54.394259 (pid/92024 [CarbonComponent]) <Notice>: uncorking exec source upfront
2024-08-13 02:33:54.394278 (pid/92024 [CarbonComponent]) <Notice>: created
2024-08-13 02:33:54.532478 (pid/92024 [CarbonComponent]) <Notice>: uncorking domain
2024-08-13 02:33:54.532906 (pid/92024 [CarbonComponent]) <Notice>: Service stub created for com.apple.foundation.UserScriptService
2024-08-13 02:33:54.533077 (pid/92024 [CarbonComponent]) <Notice>: Service stub created for com.apple.CoreGraphics.CGPDFService
2024-08-13 02:33:54.533088 (pid/92024 [CarbonComponent]) <Notice>: Service stub created for com.apple.ImageIOXPCService
2024-08-13 02:33:54.533174 (pid/92024 [CarbonComponent]) <Notice>: Service stub created for com.apple.audio.Core-Audio-Driver-Service.helper
2024-08-13 02:33:54.533179 (pid/92024 [CarbonComponent]) <Notice>: Service stub created for com.apple.audio.Core-Audio-Driver-Service
2024-08-13 02:33:54.533184 (pid/92024 [CarbonComponent]) <Notice>: Service stub created for com.apple.audio.DriverHelper
2024-08-13 02:33:54.533234 (pid/92024 [CarbonComponent]) <Notice>: Service stub created for com.apple.extensionkitservice
2024-08-13 02:33:54.533358 (pid/92024 [CarbonComponent]) <Notice>: Service stub created for com.apple.CoreDisplay.XPCService
2024-08-13 02:33:54.533372 (pid/92024 [CarbonComponent]) <Notice>: Service stub created for com.apple.CMValidateMovieDataReferenceService
2024-08-13 02:33:54.533533 (pid/92024 [CarbonComponent]) <Notice>: Service stub created for com.apple.coremedia.videodecoder
2024-08-13 02:33:54.533539 (pid/92024 [CarbonComponent]) <Notice>: Service stub created for com.apple.coremedia.videodecoder.zonto
2024-08-13 02:33:54.533544 (pid/92024 [CarbonComponent]) <Notice>: Service stub created for com.apple.coremedia.videoencoder
2024-08-13 02:33:54.533549 (pid/92024 [CarbonComponent]) <Notice>: Service stub created for com.apple.coremedia.videoencoder.zonto
2024-08-13 02:33:54.533696 (pid/92024 [CarbonComponent]) <Notice>: Service stub created for com.apple.ColorSyncXPCAgent
2024-08-13 02:33:54.533793 (pid/92024 [CarbonComponent]) <Notice>: Service stub created for com.apple.security.XPCAcmeService
2024-08-13 02:33:54.533898 (pid/92024 [CarbonComponent]) <Notice>: Service stub created for com.apple.MTLCompilerService
2024-08-13 02:33:54.903989 (pid/92023 [AudioComponentR]) <Notice>: Service stub created for com.apple.corelocation.maphelperservice
2024-08-13 02:33:54.904177 (pid/92023 [AudioComponentR]) <Notice>: Service stub created for com.apple.ctcategories.service
2024-08-13 02:33:54.931604 (pid/92022 [axassetsd]) <Notice>: uncorking domain
2024-08-13 02:33:54.932068 (pid/92022 [axassetsd]) <Notice>: Service stub created for com.apple.siri.DeepSyncVerificationService
2024-08-13 02:33:54.932154 (pid/92022 [axassetsd]) <Notice>: Service stub created for com.apple.siri.media-indexer
2024-08-13 02:33:54.932334 (pid/92022 [axassetsd]) <Notice>: Service stub created for com.apple.PerfPowerTelemetryClientRegistrationService
2024-08-13 02:33:54.932388 (pid/92022 [axassetsd]) <Notice>: Service stub created for com.apple.CGXPCServicesAgent
2024-08-13 02:33:54.932444 (pid/92022 [axassetsd]) <Notice>: Service stub created for com.apple.StreamingUnzipService.privileged
2024-08-13 02:33:54.932454 (pid/92022 [axassetsd]) <Notice>: Service stub created for com.apple.StreamingUnzipService
2024-08-13 02:33:54.932538 (pid/92022 [axassetsd]) <Notice>: Service stub created for com.apple.foundation.UserScriptService
2024-08-13 02:33:54.932697 (pid/92022 [axassetsd]) <Notice>: Service stub created for com.apple.CoreGraphics.CGPDFService
2024-08-13 02:33:54.932712 (pid/92022 [axassetsd]) <Notice>: Service stub created for com.apple.ImageIOXPCService
2024-08-13 02:33:54.932801 (pid/92022 [axassetsd]) <Notice>: Service stub created for com.apple.speech.SpeechSynthesisServerXPC
2024-08-13 02:33:54.932851 (pid/92022 [axassetsd]) <Notice>: Service stub created for com.apple.tailspin.symbolicationserver
2024-08-13 02:33:54.933052 (pid/92022 [axassetsd]) <Notice>: Service stub created for com.apple.textkit.nsattributedstringagent
2024-08-13 02:33:54.933104 (pid/92022 [axassetsd]) <Notice>: Service stub created for com.apple.SiriTTSService.TrialProxy
2024-08-13 02:33:54.933164 (pid/92022 [axassetsd]) <Notice>: Service stub created for com.apple.audio.Core-Audio-Driver-Service.helper
2024-08-13 02:33:54.933172 (pid/92022 [axassetsd]) <Notice>: Service stub created for com.apple.audio.Core-Audio-Driver-Service
2024-08-13 02:33:54.933177 (pid/92022 [axassetsd]) <Notice>: Service stub created for com.apple.audio.DriverHelper
2024-08-13 02:33:54.933194 (pid/92022 [axassetsd]) <Notice>: Service stub created for com.apple.extensionkitservice
2024-08-13 02:33:54.933298 (pid/92022 [axassetsd]) <Notice>: Service stub created for com.apple.CoreMLModelSecurityService
2024-08-13 02:33:54.933351 (pid/92022 [axassetsd]) <Notice>: Service stub created for com.apple.mlcompiler.services.compiler
2024-08-13 02:33:54.933450 (pid/92022 [axassetsd]) <Notice>: Service stub created for com.apple.corelocation.maphelperservice
2024-08-13 02:33:54.933523 (pid/92022 [axassetsd]) <Notice>: Service stub created for com.apple.accessibility.BrailleTranslation.BrailleTranslationService
2024-08-13 02:33:54.933591 (pid/92022 [axassetsd]) <Notice>: Service stub created for com.apple.speech.localspeechrecognition
2024-08-13 02:33:54.933691 (pid/92022 [axassetsd]) <Notice>: Service stub created for com.apple.audio.AUHostingService.x86-64
2024-08-13 02:33:54.933700 (pid/92022 [axassetsd]) <Notice>: Service stub created for com.apple.audio.AUHostingService.arm64e
2024-08-13 02:33:54.933706 (pid/92022 [axassetsd]) <Notice>: Service stub created for com.apple.audio.AudioConverterService
2024-08-13 02:33:54.933726 (pid/92022 [axassetsd]) <Notice>: Service stub created for com.apple.audio.CarbonComponentScanner.x86-64
2024-08-13 02:33:54.933736 (pid/92022 [axassetsd]) <Notice>: Service stub created for com.apple.audio.ComponentTagHelper
2024-08-13 02:33:54.933741 (pid/92022 [axassetsd]) <Notice>: Service stub created for com.apple.audio.InfoHelper
2024-08-13 02:33:54.933747 (pid/92022 [axassetsd]) <Notice>: Service stub created for com.apple.audio.SandboxHelper
2024-08-13 02:33:54.933789 (pid/92022 [axassetsd]) <Notice>: Service stub created for com.apple.CoreDisplay.XPCService
2024-08-13 02:33:54.933804 (pid/92022 [axassetsd]) <Notice>: Service stub created for com.apple.CMValidateMovieDataReferenceService
2024-08-13 02:33:54.933913 (pid/92022 [axassetsd]) <Notice>: Service stub created for com.apple.OSLogService
2024-08-13 02:33:54.933977 (pid/92022 [axassetsd]) <Notice>: Service stub created for com.apple.ANECompilerService
2024-08-13 02:33:54.933988 (pid/92022 [axassetsd]) <Notice>: Service stub created for com.apple.private.ANEStorageMaintainer
2024-08-13 02:33:54.934306 (pid/92022 [axassetsd]) <Notice>: Service stub created for com.apple.coremedia.videodecoder
2024-08-13 02:33:54.934315 (pid/92022 [axassetsd]) <Notice>: Service stub created for com.apple.coremedia.videodecoder.zonto
2024-08-13 02:33:54.934322 (pid/92022 [axassetsd]) <Notice>: Service stub created for com.apple.coremedia.videoencoder
2024-08-13 02:33:54.934327 (pid/92022 [axassetsd]) <Notice>: Service stub created for com.apple.coremedia.videoencoder.zonto
2024-08-13 02:33:54.934471 (pid/92022 [axassetsd]) <Notice>: Service stub created for com.apple.coremedia.pluginformatreader
2024-08-13 02:33:54.934479 (pid/92022 [axassetsd]) <Notice>: Service stub created for com.apple.coremedia.pluginformatreader.zonto
2024-08-13 02:33:54.934807 (pid/92022 [axassetsd]) <Notice>: Service stub created for com.apple.ColorSyncXPCAgent
2024-08-13 02:33:54.935116 (pid/92022 [axassetsd]) <Notice>: Service stub created for com.apple.desktopservices.ArchiveService
2024-08-13 02:33:54.935129 (pid/92022 [axassetsd]) <Notice>: Service stub created for com.apple.desktopservices.QuarantineService
2024-08-13 02:33:54.935183 (pid/92022 [axassetsd]) <Notice>: Service stub created for com.apple.DPSubmissionService
2024-08-13 02:33:54.935246 (pid/92022 [axassetsd]) <Notice>: Service stub created for com.apple.security.XPCAcmeService
2024-08-13 02:33:54.935387 (pid/92022 [axassetsd]) <Notice>: Service stub created for com.apple.MTLCompilerService
2024-08-13 02:33:54.935580 (pid/92022 [axassetsd]) <Notice>: Service stub created for com.apple.BiomeWriteService
2024-08-13 02:33:54.935716 (pid/92022 [axassetsd]) <Notice>: Service stub created for com.apple.ZhuGeService
2024-08-13 02:33:54.936020 (pid/92022 [axassetsd]) <Notice>: Service stub initialized for com.apple.audio.ComponentTagHelper
2024-08-13 02:33:54.936032 (pid/92022/com.apple.audio.ComponentTagHelper) <Notice>: initialized endpoint after lookup
2024-08-13 02:33:54.936118 (pid/92022/com.apple.audio.ComponentTagHelper) <Notice>: internal event: WILL_SPAWN, code = 0
2024-08-13 02:33:54.936127 (pid/92022/com.apple.audio.ComponentTagHelper) <Notice>: service state: spawn scheduled
2024-08-13 02:33:54.936129 (pid/92022/com.apple.audio.ComponentTagHelper) <Notice>: service state: spawning
2024-08-13 02:33:54.936143 (pid/92022/com.apple.audio.ComponentTagHelper) <Notice>: launching: ipc (mach)
2024-08-13 02:33:54.937013 (pid/92022/com.apple.audio.ComponentTagHelper [92025]) <Notice>: xpcproxy spawned with pid 92025
2024-08-13 02:33:54.937036 (pid/92022/com.apple.audio.ComponentTagHelper [92025]) <Notice>: internal event: SPAWNED, code = 0
2024-08-13 02:33:54.937038 (pid/92022/com.apple.audio.ComponentTagHelper [92025]) <Notice>: service state: xpcproxy
2024-08-13 02:33:54.937049 (pid/92022/com.apple.audio.ComponentTagHelper [92025]) <Notice>: internal event: SOURCE_ATTACH, code = 0
2024-08-13 02:33:54.943943 (pid/92022/com.apple.audio.ComponentTagHelper [92025]) <Notice>: service state: running
2024-08-13 02:33:54.943954 (pid/92022/com.apple.audio.ComponentTagHelper [92025]) <Notice>: internal event: INIT, code = 0
2024-08-13 02:33:54.943987 (pid/92022/com.apple.audio.ComponentTagHelper [92025]) <Notice>: Successfully spawned ComponentTagHelper[92025] because ipc (mach)
2024-08-13 02:33:54.948009 (pid/92025 [com.apple.audio]) <Notice>: uncorking exec source upfront
2024-08-13 02:33:54.948029 (pid/92025 [com.apple.audio]) <Notice>: created
2024-08-13 02:33:54.951023 (pid/92025 [com.apple.audio]) <Notice>: uncorking domain
2024-08-13 02:33:54.951289 (pid/92025 [com.apple.audio]) <Notice>: Service stub created for com.apple.foundation.UserScriptService
2024-08-13 02:33:54.951763 (pid/92025 [com.apple.audio]) <Notice>: Service stub created for com.apple.security.XPCAcmeService
2024-08-13 02:33:57.283547 (pid/91716/com.apple.QuickLookThumbnailing.extension.ThumbnailExtension-macOS [91727]) <Notice>: extension already interrupted clean exit attempt
2024-08-13 02:33:57.302923 (gui/501 [100005]) <Warning>: denied lookup: name = com.apple.contactsd.persistence, requestor = searchpartyuser[1094], error = 159: Sandbox restriction
2024-08-13 02:33:57.304993 <Notice>: Last log repeated 3 times
2024-08-13 02:33:57.304955 (gui/501 [100005]) <Warning>: denied lookup: name = com.apple.contactsd.persistence, requestor = imagent[620], error = 159: Sandbox restriction
2024-08-13 02:33:57.305016 (gui/501 [100005]) <Warning>: denied lookup: name = com.apple.AddressBook.ContactsAccountsService, requestor = searchpartyuser[1094], error = 159: Sandbox restriction
2024-08-13 02:33:57.305208 (gui/501 [100005]) <Warning>: denied lookup: name = com.apple.contactsd.persistence, requestor = imagent[620], error = 159: Sandbox restriction
2024-08-13 02:33:57.306291 <Notice>: Last log repeated 2 times
2024-08-13 02:33:57.306279 (gui/501 [100005]) <Warning>: denied lookup: name = com.apple.AddressBook.ContactsAccountsService, requestor = imagent[620], error = 159: Sandbox restriction
2024-08-13 02:33:57.308657 (gui/501 [100005]) <Warning>: denied lookup: name = com.apple.contactsd.persistence, requestor = searchpartyuser[1094], error = 159: Sandbox restriction
2024-08-13 02:33:57.309841 <Notice>: Last log repeated 4 times
2024-08-13 02:33:57.309826 (gui/501 [100005]) <Warning>: denied lookup: name = com.apple.contactsd.persistence, requestor = imagent[620], error = 159: Sandbox restriction
2024-08-13 02:33:57.309908 (gui/501 [100005]) <Warning>: denied lookup: name = com.apple.contactsd.persistence, requestor = searchpartyuser[1094], error = 159: Sandbox restriction
2024-08-13 02:33:57.310026 (gui/501 [100005]) <Warning>: denied lookup: name = com.apple.contactsd.persistence, requestor = imagent[620], error = 159: Sandbox restriction
2024-08-13 02:33:57.310115 (gui/501 [100005]) <Warning>: denied lookup: name = com.apple.contactsd.persistence, requestor = searchpartyuser[1094], error = 159: Sandbox restriction
2024-08-13 02:33:57.310212 (gui/501 [100005]) <Warning>: denied lookup: name = com.apple.contactsd.persistence, requestor = imagent[620], error = 159: Sandbox restriction
2024-08-13 02:33:57.310319 (gui/501 [100005]) <Warning>: denied lookup: name = com.apple.contactsd.persistence, requestor = searchpartyuser[1094], error = 159: Sandbox restriction
2024-08-13 02:33:57.310391 (gui/501 [100005]) <Warning>: denied lookup: name = com.apple.contactsd.persistence, requestor = imagent[620], error = 159: Sandbox restriction
2024-08-13 02:33:58.272229 <Notice>: Last log repeated 4 times
2024-08-13 02:33:58.272180 (pid/92126 [diskutil]) <Notice>: uncorking exec source upfront
2024-08-13 02:33:58.272193 (pid/92126 [diskutil]) <Notice>: created
2024-08-13 02:33:58.272416 (pid/92126 [diskutil]) <Notice>: uncorking domain
2024-08-13 02:33:58.272906 (pid/92126 [diskutil]) <Notice>: Service stub created for com.apple.PerfPowerTelemetryClientRegistrationService
2024-08-13 02:33:58.272926 (pid/92126 [diskutil]) <Notice>: Service stub created for com.apple.appkit.xpc.ColorPickerImageLoader
2024-08-13 02:33:58.272956 (pid/92126 [diskutil]) <Notice>: Service stub created for com.apple.appkit.xpc.defaultSyncService
2024-08-13 02:33:58.272966 (pid/92126 [diskutil]) <Notice>: Service stub created for com.apple.appkit.xpc.documentPopoverViewService
2024-08-13 02:33:58.272970 (pid/92126 [diskutil]) <Notice>: Service stub created for com.apple.appkit.xpc.LegacyExternalColorPickerService.arm64
2024-08-13 02:33:58.272979 (pid/92126 [diskutil]) <Notice>: Service stub created for com.apple.appkit.xpc.LegacyExternalColorPickerService.x86_64
2024-08-13 02:33:58.272981 (pid/92126 [diskutil]) <Notice>: Service stub created for com.apple.MediaLibraryBrowser
2024-08-13 02:33:58.272986 (pid/92126 [diskutil]) <Notice>: Service stub created for com.apple.appkit.xpc.sandboxedServiceRunner
2024-08-13 02:33:58.272994 (pid/92126 [diskutil]) <Notice>: Service stub created for com.apple.appkit.xpc.ThemeWidgetControlViewService
2024-08-13 02:33:58.272996 (pid/92126 [diskutil]) <Notice>: Service stub created for com.apple.xpc.TypographyPanelService
2024-08-13 02:33:58.272998 (pid/92126 [diskutil]) <Notice>: Service stub created for com.apple.automator.xpc.workflowServiceRunner
2024-08-13 02:33:58.273002 (pid/92126 [diskutil]) <Notice>: Service stub created for com.apple.appkit.xpc.VersionsUIHelper
2024-08-13 02:33:58.273008 (pid/92126 [diskutil]) <Notice>: Service stub created for com.apple.appkit.xpc.openAndSavePanelService
2024-08-13 02:33:58.273152 (pid/92126 [diskutil]) <Notice>: Service stub created for com.apple.foundation.UserScriptService
2024-08-13 02:33:58.273880 (pid/92126 [diskutil]) <Notice>: Service stub created for com.apple.ImageIOXPCService
2024-08-13 02:33:58.273898 (pid/92126 [diskutil]) <Notice>: Service stub created for com.apple.CoreGraphics.CGPDFService
2024-08-13 02:33:58.273956 (pid/92126 [diskutil]) <Notice>: Service stub created for com.apple.diskimagescontroller
2024-08-13 02:33:58.273976 (pid/92126 [diskutil]) <Notice>: Service stub created for com.apple.textkit.nsattributedstringagent
2024-08-13 02:33:58.274005 (pid/92126 [diskutil]) <Notice>: Service stub created for com.apple.speech.SpeechSynthesisServerXPC
2024-08-13 02:33:58.274085 (pid/92126 [diskutil]) <Notice>: Service stub created for com.apple.audio.Core-Audio-Driver-Service.helper
2024-08-13 02:33:58.274092 (pid/92126 [diskutil]) <Notice>: Service stub created for com.apple.audio.Core-Audio-Driver-Service
2024-08-13 02:33:58.274098 (pid/92126 [diskutil]) <Notice>: Service stub created for com.apple.audio.DriverHelper
2024-08-13 02:33:58.274113 (pid/92126 [diskutil]) <Notice>: Service stub created for com.apple.extensionkitservice
2024-08-13 02:33:58.274255 (pid/92126 [diskutil]) <Notice>: Service stub created for com.apple.CoreDisplay.XPCService
2024-08-13 02:33:58.274275 (pid/92126 [diskutil]) <Notice>: Service stub created for com.apple.CMValidateMovieDataReferenceService
2024-08-13 02:33:58.274313 (pid/92126 [diskutil]) <Notice>: Service stub created for com.apple.audio.AUHostingService.x86-64
2024-08-13 02:33:58.274319 (pid/92126 [diskutil]) <Notice>: Service stub created for com.apple.audio.AUHostingService.arm64e
2024-08-13 02:33:58.274321 (pid/92126 [diskutil]) <Notice>: Service stub created for com.apple.audio.AudioConverterService
2024-08-13 02:33:58.274329 (pid/92126 [diskutil]) <Notice>: Service stub created for com.apple.audio.CarbonComponentScanner.x86-64
2024-08-13 02:33:58.274333 (pid/92126 [diskutil]) <Notice>: Service stub created for com.apple.audio.ComponentTagHelper
2024-08-13 02:33:58.274335 (pid/92126 [diskutil]) <Notice>: Service stub created for com.apple.audio.InfoHelper
2024-08-13 02:33:58.274340 (pid/92126 [diskutil]) <Notice>: Service stub created for com.apple.audio.SandboxHelper
2024-08-13 02:33:58.274350 (pid/92126 [diskutil]) <Notice>: Service stub created for com.apple.internal.DataDetectorsRemoteScanner
2024-08-13 02:33:58.274379 (pid/92126 [diskutil]) <Notice>: Service stub created for com.apple.OSLogService
2024-08-13 02:33:58.274470 (pid/92126 [diskutil]) <Notice>: Service stub created for com.apple.coremedia.videodecoder
2024-08-13 02:33:58.274476 (pid/92126 [diskutil]) <Notice>: Service stub created for com.apple.coremedia.videodecoder.zonto
2024-08-13 02:33:58.274482 (pid/92126 [diskutil]) <Notice>: Service stub created for com.apple.coremedia.videoencoder
2024-08-13 02:33:58.274484 (pid/92126 [diskutil]) <Notice>: Service stub created for com.apple.coremedia.videoencoder.zonto
2024-08-13 02:33:58.274601 (pid/92126 [diskutil]) <Notice>: Service stub created for com.apple.ColorSyncXPCAgent
2024-08-13 02:33:58.274705 (pid/92126 [diskutil]) <Notice>: Service stub created for com.apple.security.XPCAcmeService
2024-08-13 02:33:58.274788 (pid/92126 [diskutil]) <Notice>: Service stub created for com.apple.MTLCompilerService
2024-08-13 02:33:58.274841 (pid/92126 [diskutil]) <Notice>: Service stub created for com.apple.security.pboxd
2024-08-13 02:33:58.297441 (user/501/com.apple.mdworker.shared.0C000000-0300-0000-0000-000000000000 [92015]) <Notice>: exited due to exit(0), ran for 26607ms
2024-08-13 02:33:58.297456 (user/501/com.apple.mdworker.shared.0C000000-0300-0000-0000-000000000000 [92015]) <Notice>: service state: exited
2024-08-13 02:33:58.297514 (user/501/com.apple.mdworker.shared.0C000000-0300-0000-0000-000000000000 [92015]) <Notice>: internal event: EXITED, code = 0
2024-08-13 02:33:58.297525 (user/501) <Notice>: service inactive: com.apple.mdworker.shared.0C000000-0300-0000-0000-000000000000
2024-08-13 02:33:58.297529 (user/501) <Notice>: removing service: com.apple.mdworker.shared.0C000000-0300-0000-0000-000000000000
2024-08-13 02:33:58.298022 (user/501/com.apple.mdworker.shared.0C000000-0300-0000-0000-000000000000 [92015]) <Notice>: internal event: PETRIFIED, code = 0
2024-08-13 02:33:58.298026 (user/501/com.apple.mdworker.shared.0C000000-0300-0000-0000-000000000000 [92015]) <Notice>: service state: not running
2024-08-13 02:33:58.299338 (pid/92015 [mdworker_shared]) <Notice>: shutting down
2024-08-13 02:33:58.299383 (pid/92015 [mdworker_shared]) <Notice>: cleaning up
2024-08-13 02:33:58.299481 (system) <Notice>: removing child: pid/92015
2024-08-13 02:33:58.303672 (user/501/com.apple.mdworker.shared.06000000-0200-0000-0000-000000000000 [92016]) <Notice>: exited due to exit(0), ran for 24495ms
2024-08-13 02:33:58.303684 (user/501/com.apple.mdworker.shared.06000000-0200-0000-0000-000000000000 [92016]) <Notice>: service state: exited
2024-08-13 02:33:58.303690 (user/501/com.apple.mdworker.shared.06000000-0200-0000-0000-000000000000 [92016]) <Notice>: internal event: EXITED, code = 0
2024-08-13 02:33:58.303692 (user/501) <Notice>: service inactive: com.apple.mdworker.shared.06000000-0200-0000-0000-000000000000
2024-08-13 02:33:58.303694 (user/501) <Notice>: removing service: com.apple.mdworker.shared.06000000-0200-0000-0000-000000000000
2024-08-13 02:33:58.303705 (user/501/com.apple.mdworker.shared.06000000-0200-0000-0000-000000000000 [92016]) <Notice>: internal event: PETRIFIED, code = 0
2024-08-13 02:33:58.303707 (user/501/com.apple.mdworker.shared.06000000-0200-0000-0000-000000000000 [92016]) <Notice>: service state: not running
2024-08-13 02:33:58.303718 (pid/92016 [mdworker_shared]) <Notice>: shutting down
2024-08-13 02:33:58.303738 (pid/92016 [mdworker_shared]) <Notice>: cleaning up
2024-08-13 02:33:58.303794 (system) <Notice>: removing child: pid/92016
2024-08-13 02:33:58.393310 (pid/92126 [diskutil]) <Notice>: shutting down
2024-08-13 02:33:58.393350 (pid/92126 [diskutil]) <Notice>: cleaning up
2024-08-13 02:33:58.393358 (system) <Notice>: removing child: pid/92126
2024-08-13 02:33:58.406731 (user/501/com.apple.mdworker.shared.0C000000-0400-0000-0000-000000000000) <Notice>: internal event: WILL_SPAWN, code = 0
2024-08-13 02:33:58.406742 (user/501/com.apple.mdworker.shared.0C000000-0400-0000-0000-000000000000) <Notice>: service state: spawn scheduled
2024-08-13 02:33:58.406758 (user/501/com.apple.mdworker.shared.0C000000-0400-0000-0000-000000000000) <Notice>: service state: spawning
2024-08-13 02:33:58.406821 (user/501/com.apple.mdworker.shared.0C000000-0400-0000-0000-000000000000) <Notice>: launching: ipc (mach)
2024-08-13 02:33:58.407800 (user/501/com.apple.mdworker.shared.0C000000-0400-0000-0000-000000000000 [92129]) <Notice>: xpcproxy spawned with pid 92129
2024-08-13 02:33:58.407818 (user/501/com.apple.mdworker.shared.0C000000-0400-0000-0000-000000000000 [92129]) <Notice>: internal event: SPAWNED, code = 0
2024-08-13 02:33:58.407824 (user/501/com.apple.mdworker.shared.0C000000-0400-0000-0000-000000000000 [92129]) <Notice>: service state: xpcproxy
2024-08-13 02:33:58.407872 (user/501/com.apple.mdworker.shared.0C000000-0400-0000-0000-000000000000 [92129]) <Notice>: internal event: SOURCE_ATTACH, code = 0
2024-08-13 02:33:58.409101 (pid/92128 [diskutil]) <Notice>: uncorking exec source upfront
2024-08-13 02:33:58.409109 (pid/92128 [diskutil]) <Notice>: created
2024-08-13 02:33:58.409324 (pid/92128 [diskutil]) <Notice>: uncorking domain
2024-08-13 02:33:58.409649 (pid/92128 [diskutil]) <Notice>: Service stub created for com.apple.PerfPowerTelemetryClientRegistrationService
2024-08-13 02:33:58.409665 (pid/92128 [diskutil]) <Notice>: Service stub created for com.apple.appkit.xpc.ColorPickerImageLoader
2024-08-13 02:33:58.409670 (pid/92128 [diskutil]) <Notice>: Service stub created for com.apple.appkit.xpc.defaultSyncService
2024-08-13 02:33:58.409673 (pid/92128 [diskutil]) <Notice>: Service stub created for com.apple.appkit.xpc.documentPopoverViewService
2024-08-13 02:33:58.409676 (pid/92128 [diskutil]) <Notice>: Service stub created for com.apple.appkit.xpc.LegacyExternalColorPickerService.arm64
2024-08-13 02:33:58.409678 (pid/92128 [diskutil]) <Notice>: Service stub created for com.apple.appkit.xpc.LegacyExternalColorPickerService.x86_64
2024-08-13 02:33:58.409680 (pid/92128 [diskutil]) <Notice>: Service stub created for com.apple.MediaLibraryBrowser
2024-08-13 02:33:58.409682 (pid/92128 [diskutil]) <Notice>: Service stub created for com.apple.appkit.xpc.sandboxedServiceRunner
2024-08-13 02:33:58.409685 (pid/92128 [diskutil]) <Notice>: Service stub created for com.apple.appkit.xpc.ThemeWidgetControlViewService
2024-08-13 02:33:58.409687 (pid/92128 [diskutil]) <Notice>: Service stub created for com.apple.xpc.TypographyPanelService
2024-08-13 02:33:58.409690 (pid/92128 [diskutil]) <Notice>: Service stub created for com.apple.automator.xpc.workflowServiceRunner
2024-08-13 02:33:58.409692 (pid/92128 [diskutil]) <Notice>: Service stub created for com.apple.appkit.xpc.VersionsUIHelper
2024-08-13 02:33:58.409694 (pid/92128 [diskutil]) <Notice>: Service stub created for com.apple.appkit.xpc.openAndSavePanelService
2024-08-13 02:33:58.409766 (pid/92128 [diskutil]) <Notice>: Service stub created for com.apple.foundation.UserScriptService
2024-08-13 02:33:58.409859 (pid/92128 [diskutil]) <Notice>: Service stub created for com.apple.ImageIOXPCService
2024-08-13 02:33:58.409867 (pid/92128 [diskutil]) <Notice>: Service stub created for com.apple.CoreGraphics.CGPDFService
2024-08-13 02:33:58.409917 (pid/92128 [diskutil]) <Notice>: Service stub created for com.apple.diskimagescontroller
2024-08-13 02:33:58.409927 (pid/92128 [diskutil]) <Notice>: Service stub created for com.apple.textkit.nsattributedstringagent
2024-08-13 02:33:58.409951 (pid/92128 [diskutil]) <Notice>: Service stub created for com.apple.speech.SpeechSynthesisServerXPC
2024-08-13 02:33:58.410003 (pid/92128 [diskutil]) <Notice>: Service stub created for com.apple.audio.Core-Audio-Driver-Service.helper
2024-08-13 02:33:58.410006 (pid/92128 [diskutil]) <Notice>: Service stub created for com.apple.audio.Core-Audio-Driver-Service
2024-08-13 02:33:58.410008 (pid/92128 [diskutil]) <Notice>: Service stub created for com.apple.audio.DriverHelper
2024-08-13 02:33:58.410016 (pid/92128 [diskutil]) <Notice>: Service stub created for com.apple.extensionkitservice
2024-08-13 02:33:58.410153 (pid/92128 [diskutil]) <Notice>: Service stub created for com.apple.CoreDisplay.XPCService
2024-08-13 02:33:58.410160 (pid/92128 [diskutil]) <Notice>: Service stub created for com.apple.CMValidateMovieDataReferenceService
2024-08-13 02:33:58.410194 (pid/92128 [diskutil]) <Notice>: Service stub created for com.apple.audio.AUHostingService.x86-64
2024-08-13 02:33:58.410197 (pid/92128 [diskutil]) <Notice>: Service stub created for com.apple.audio.AUHostingService.arm64e
2024-08-13 02:33:58.410199 (pid/92128 [diskutil]) <Notice>: Service stub created for com.apple.audio.AudioConverterService
2024-08-13 02:33:58.410204 (pid/92128 [diskutil]) <Notice>: Service stub created for com.apple.audio.CarbonComponentScanner.x86-64
2024-08-13 02:33:58.410209 (pid/92128 [diskutil]) <Notice>: Service stub created for com.apple.audio.ComponentTagHelper
2024-08-13 02:33:58.410212 (pid/92128 [diskutil]) <Notice>: Service stub created for com.apple.audio.InfoHelper
2024-08-13 02:33:58.410215 (pid/92128 [diskutil]) <Notice>: Service stub created for com.apple.audio.SandboxHelper
2024-08-13 02:33:58.410224 (pid/92128 [diskutil]) <Notice>: Service stub created for com.apple.internal.DataDetectorsRemoteScanner
2024-08-13 02:33:58.410247 (pid/92128 [diskutil]) <Notice>: Service stub created for com.apple.OSLogService
2024-08-13 02:33:58.410301 (pid/92128 [diskutil]) <Notice>: Service stub created for com.apple.coremedia.videodecoder
2024-08-13 02:33:58.410303 (pid/92128 [diskutil]) <Notice>: Service stub created for com.apple.coremedia.videodecoder.zonto
2024-08-13 02:33:58.410305 (pid/92128 [diskutil]) <Notice>: Service stub created for com.apple.coremedia.videoencoder
2024-08-13 02:33:58.410308 (pid/92128 [diskutil]) <Notice>: Service stub created for com.apple.coremedia.videoencoder.zonto
2024-08-13 02:33:58.410408 (pid/92128 [diskutil]) <Notice>: Service stub created for com.apple.ColorSyncXPCAgent
2024-08-13 02:33:58.410491 (pid/92128 [diskutil]) <Notice>: Service stub created for com.apple.security.XPCAcmeService
2024-08-13 02:33:58.410550 (pid/92128 [diskutil]) <Notice>: Service stub created for com.apple.MTLCompilerService
2024-08-13 02:33:58.410599 (pid/92128 [diskutil]) <Notice>: Service stub created for com.apple.security.pboxd
2024-08-13 02:33:58.411257 <Notice>: Flushed 26 logs [limit: 20]
2024-08-13 02:33:58.415686 (user/501/com.apple.mdworker.shared.0C000000-0400-0000-0000-000000000000 [92129]) <Notice>: service state: running
2024-08-13 02:33:58.415696 (user/501/com.apple.mdworker.shared.0C000000-0400-0000-0000-000000000000 [92129]) <Notice>: internal event: INIT, code = 0
2024-08-13 02:33:58.415724 (user/501/com.apple.mdworker.shared.0C000000-0400-0000-0000-000000000000 [92129]) <Notice>: Successfully spawned mdworker_shared[92129] because ipc (mach)
2024-08-13 02:33:58.420674 (pid/92129 [mdworker_shared]) <Notice>: uncorking exec source upfront
2024-08-13 02:33:58.420691 (pid/92129 [mdworker_shared]) <Notice>: created
2024-08-13 02:33:58.521901 (pid/92128 [diskutil]) <Notice>: shutting down
2024-08-13 02:33:58.521935 (pid/92128 [diskutil]) <Notice>: cleaning up
2024-08-13 02:33:58.521945 (system) <Notice>: removing child: pid/92128
2024-08-13 02:33:58.534771 (user/501/com.apple.mdworker.shared.0F000000-0000-0000-0000-000000000000) <Notice>: internal event: WILL_SPAWN, code = 0
2024-08-13 02:33:58.534787 (user/501/com.apple.mdworker.shared.0F000000-0000-0000-0000-000000000000) <Notice>: service state: spawn scheduled
2024-08-13 02:33:58.534790 (user/501/com.apple.mdworker.shared.0F000000-0000-0000-0000-000000000000) <Notice>: service state: spawning
2024-08-13 02:33:58.534836 (user/501/com.apple.mdworker.shared.0F000000-0000-0000-0000-000000000000) <Notice>: launching: ipc (mach)
2024-08-13 02:33:58.535567 (user/501/com.apple.mdworker.shared.0F000000-0000-0000-0000-000000000000 [92131]) <Notice>: xpcproxy spawned with pid 92131
2024-08-13 02:33:58.535583 (user/501/com.apple.mdworker.shared.0F000000-0000-0000-0000-000000000000 [92131]) <Notice>: internal event: SPAWNED, code = 0
2024-08-13 02:33:58.535586 (user/501/com.apple.mdworker.shared.0F000000-0000-0000-0000-000000000000 [92131]) <Notice>: service state: xpcproxy
2024-08-13 02:33:58.535596 (user/501/com.apple.mdworker.shared.0F000000-0000-0000-0000-000000000000 [92131]) <Notice>: internal event: SOURCE_ATTACH, code = 0
2024-08-13 02:33:58.535600 (user/501/com.apple.mdworker.shared.05000000-0600-0000-0000-000000000000) <Notice>: internal event: WILL_SPAWN, code = 0
2024-08-13 02:33:58.535602 (user/501/com.apple.mdworker.shared.05000000-0600-0000-0000-000000000000) <Notice>: service state: spawn scheduled
2024-08-13 02:33:58.535604 (user/501/com.apple.mdworker.shared.05000000-0600-0000-0000-000000000000) <Notice>: service state: spawning
2024-08-13 02:33:58.535623 (user/501/com.apple.mdworker.shared.05000000-0600-0000-0000-000000000000) <Notice>: launching: ipc (mach)
2024-08-13 02:33:58.536033 (user/501/com.apple.mdworker.shared.05000000-0600-0000-0000-000000000000 [92132]) <Notice>: xpcproxy spawned with pid 92132
2024-08-13 02:33:58.536051 (user/501/com.apple.mdworker.shared.05000000-0600-0000-0000-000000000000 [92132]) <Notice>: internal event: SPAWNED, code = 0
2024-08-13 02:33:58.536053 (user/501/com.apple.mdworker.shared.05000000-0600-0000-0000-000000000000 [92132]) <Notice>: service state: xpcproxy
2024-08-13 02:33:58.536059 (user/501/com.apple.mdworker.shared.05000000-0600-0000-0000-000000000000 [92132]) <Notice>: internal event: SOURCE_ATTACH, code = 0
2024-08-13 02:33:58.541346 (user/501/com.apple.mdworker.shared.05000000-0600-0000-0000-000000000000 [92132]) <Notice>: service state: running
2024-08-13 02:33:58.541356 (user/501/com.apple.mdworker.shared.05000000-0600-0000-0000-000000000000 [92132]) <Notice>: internal event: INIT, code = 0
2024-08-13 02:33:58.541381 (user/501/com.apple.mdworker.shared.05000000-0600-0000-0000-000000000000 [92132]) <Notice>: Successfully spawned mdworker_shared[92132] because ipc (mach)
2024-08-13 02:33:58.541389 (user/501/com.apple.mdworker.shared.0F000000-0000-0000-0000-000000000000 [92131]) <Notice>: service state: running
2024-08-13 02:33:58.541391 (user/501/com.apple.mdworker.shared.0F000000-0000-0000-0000-000000000000 [92131]) <Notice>: internal event: INIT, code = 0
2024-08-13 02:33:58.541396 (user/501/com.apple.mdworker.shared.0F000000-0000-0000-0000-000000000000 [92131]) <Notice>: Successfully spawned mdworker_shared[92131] because ipc (mach)
2024-08-13 02:33:58.545964 (pid/92132 [mdworker_shared]) <Notice>: uncorking exec source upfront
2024-08-13 02:33:58.545982 (pid/92132 [mdworker_shared]) <Notice>: created
2024-08-13 02:33:58.546058 (pid/92131 [mdworker_shared]) <Notice>: uncorking exec source upfront
2024-08-13 02:33:58.546066 (pid/92131 [mdworker_shared]) <Notice>: created
2024-08-13 02:33:59.735663 (user/501/com.apple.mdworker.shared.09000000-0300-0000-0000-000000000000) <Notice>: internal event: WILL_SPAWN, code = 0
2024-08-13 02:33:59.735680 (user/501/com.apple.mdworker.shared.09000000-0300-0000-0000-000000000000) <Notice>: service state: spawn scheduled
2024-08-13 02:33:59.735681 (user/501/com.apple.mdworker.shared.09000000-0300-0000-0000-000000000000) <Notice>: service state: spawning
2024-08-13 02:33:59.735726 (user/501/com.apple.mdworker.shared.09000000-0300-0000-0000-000000000000) <Notice>: launching: ipc (mach)
2024-08-13 02:33:59.736763 (user/501/com.apple.mdworker.shared.09000000-0300-0000-0000-000000000000 [92140]) <Notice>: xpcproxy spawned with pid 92140
2024-08-13 02:33:59.736785 (user/501/com.apple.mdworker.shared.09000000-0300-0000-0000-000000000000 [92140]) <Notice>: internal event: SPAWNED, code = 0
2024-08-13 02:33:59.736789 (user/501/com.apple.mdworker.shared.09000000-0300-0000-0000-000000000000 [92140]) <Notice>: service state: xpcproxy
2024-08-13 02:33:59.736800 (user/501/com.apple.mdworker.shared.09000000-0300-0000-0000-000000000000 [92140]) <Notice>: internal event: SOURCE_ATTACH, code = 0
2024-08-13 02:33:59.744055 (user/501/com.apple.mdworker.shared.09000000-0300-0000-0000-000000000000 [92140]) <Notice>: service state: running
2024-08-13 02:33:59.744066 (user/501/com.apple.mdworker.shared.09000000-0300-0000-0000-000000000000 [92140]) <Notice>: internal event: INIT, code = 0
2024-08-13 02:33:59.744094 (user/501/com.apple.mdworker.shared.09000000-0300-0000-0000-000000000000 [92140]) <Notice>: Successfully spawned mdworker_shared[92140] because ipc (mach)
2024-08-13 02:33:59.748729 (pid/92140 [mdworker_shared]) <Notice>: uncorking exec source upfront
2024-08-13 02:33:59.748749 (pid/92140 [mdworker_shared]) <Notice>: created
2024-08-13 02:34:00.314577 (gui/501 [100005]) <Warning>: denied lookup: name = com.apple.contactsd.persistence, requestor = searchpartyuser[1094], error = 159: Sandbox restriction
2024-08-13 02:34:00.316955 <Notice>: Last log repeated 1 times
2024-08-13 02:34:00.316936 (gui/501 [100005]) <Warning>: denied lookup: name = com.apple.contactsd.persistence, requestor = imagent[620], error = 159: Sandbox restriction
2024-08-13 02:34:03.320738 <Notice>: Last log repeated 3 times
2024-08-13 02:34:03.320711 (gui/501 [100005]) <Warning>: denied lookup: name = com.apple.contactsd.persistence, requestor = searchpartyuser[1094], error = 159: Sandbox restriction
2024-08-13 02:34:06.329615 <Notice>: Last log repeated 3 times
2024-08-13 02:34:06.325308 (gui/501 [100005]) <Warning>: denied lookup: name = com.apple.contactsd.persistence, requestor = imagent[620], error = 159: Sandbox restriction
2024-08-13 02:34:08.153674 <Notice>: Last log repeated 1 times
2024-08-13 02:34:08.153653 (user/501/com.apple.mdworker.shared.06000000-0300-0000-0000-000000000000) <Notice>: internal event: WILL_SPAWN, code = 0
2024-08-13 02:34:08.153667 (user/501/com.apple.mdworker.shared.06000000-0300-0000-0000-000000000000) <Notice>: service state: spawn scheduled
2024-08-13 02:34:08.153669 (user/501/com.apple.mdworker.shared.06000000-0300-0000-0000-000000000000) <Notice>: service state: spawning
2024-08-13 02:34:08.153710 (user/501/com.apple.mdworker.shared.06000000-0300-0000-0000-000000000000) <Notice>: launching: ipc (mach)
2024-08-13 02:34:08.154834 (user/501/com.apple.mdworker.shared.06000000-0300-0000-0000-000000000000 [92141]) <Notice>: xpcproxy spawned with pid 92141
2024-08-13 02:34:08.154861 (user/501/com.apple.mdworker.shared.06000000-0300-0000-0000-000000000000 [92141]) <Notice>: internal event: SPAWNED, code = 0
2024-08-13 02:34:08.154865 (user/501/com.apple.mdworker.shared.06000000-0300-0000-0000-000000000000 [92141]) <Notice>: service state: xpcproxy
2024-08-13 02:34:08.154876 (user/501/com.apple.mdworker.shared.06000000-0300-0000-0000-000000000000 [92141]) <Notice>: internal event: SOURCE_ATTACH, code = 0
2024-08-13 02:34:08.165021 (user/501/com.apple.mdworker.shared.06000000-0300-0000-0000-000000000000 [92141]) <Notice>: service state: running
2024-08-13 02:34:08.165031 (user/501/com.apple.mdworker.shared.06000000-0300-0000-0000-000000000000 [92141]) <Notice>: internal event: INIT, code = 0
2024-08-13 02:34:08.165063 (user/501/com.apple.mdworker.shared.06000000-0300-0000-0000-000000000000 [92141]) <Notice>: Successfully spawned mdworker_shared[92141] because ipc (mach)
2024-08-13 02:34:08.170049 (pid/92141 [mdworker_shared]) <Notice>: uncorking exec source upfront
2024-08-13 02:34:08.170090 (pid/92141 [mdworker_shared]) <Notice>: created
2024-08-13 02:34:09.326446 (gui/501 [100005]) <Warning>: denied lookup: name = com.apple.contactsd.persistence, requestor = searchpartyuser[1094], error = 159: Sandbox restriction
2024-08-13 02:34:09.331033 <Notice>: Last log repeated 1 times
2024-08-13 02:34:09.331019 (gui/501 [100005]) <Warning>: denied lookup: name = com.apple.contactsd.persistence, requestor = imagent[620], error = 159: Sandbox restriction
2024-08-13 02:34:11.670789 <Notice>: Last log repeated 1 times
2024-08-13 02:34:11.670769 (user/501/com.apple.mdworker.shared.10000000-0700-0000-0000-000000000000) <Notice>: internal event: WILL_SPAWN, code = 0
2024-08-13 02:34:11.670784 (user/501/com.apple.mdworker.shared.10000000-0700-0000-0000-000000000000) <Notice>: service state: spawn scheduled
2024-08-13 02:34:11.670799 (user/501/com.apple.mdworker.shared.10000000-0700-0000-0000-000000000000) <Notice>: service state: spawning
2024-08-13 02:34:11.670836 (user/501/com.apple.mdworker.shared.10000000-0700-0000-0000-000000000000) <Notice>: launching: ipc (mach)
2024-08-13 02:34:11.671438 (user/501/com.apple.mdworker.shared.10000000-0700-0000-0000-000000000000 [92144]) <Notice>: xpcproxy spawned with pid 92144
2024-08-13 02:34:11.671462 (user/501/com.apple.mdworker.shared.10000000-0700-0000-0000-000000000000 [92144]) <Notice>: internal event: SPAWNED, code = 0
2024-08-13 02:34:11.671465 (user/501/com.apple.mdworker.shared.10000000-0700-0000-0000-000000000000 [92144]) <Notice>: service state: xpcproxy
2024-08-13 02:34:11.671475 (user/501/com.apple.mdworker.shared.10000000-0700-0000-0000-000000000000 [92144]) <Notice>: internal event: SOURCE_ATTACH, code = 0
2024-08-13 02:34:11.677703 (user/501/com.apple.mdworker.shared.10000000-0700-0000-0000-000000000000 [92144]) <Notice>: service state: running
2024-08-13 02:34:11.677714 (user/501/com.apple.mdworker.shared.10000000-0700-0000-0000-000000000000 [92144]) <Notice>: internal event: INIT, code = 0
2024-08-13 02:34:11.677749 (user/501/com.apple.mdworker.shared.10000000-0700-0000-0000-000000000000 [92144]) <Notice>: Successfully spawned mdworker_shared[92144] because ipc (mach)
2024-08-13 02:34:11.682732 (pid/92144 [mdworker_shared]) <Notice>: uncorking exec source upfront
2024-08-13 02:34:11.682748 (pid/92144 [mdworker_shared]) <Notice>: created
2024-08-13 02:34:12.331255 (gui/501 [100005]) <Warning>: denied lookup: name = com.apple.contactsd.persistence, requestor = searchpartyuser[1094], error = 159: Sandbox restriction
2024-08-13 02:34:12.334171 <Notice>: Last log repeated 1 times
2024-08-13 02:34:12.334158 (gui/501 [100005]) <Warning>: denied lookup: name = com.apple.contactsd.persistence, requestor = imagent[620], error = 159: Sandbox restriction
2024-08-13 02:34:12.360803 <Notice>: Last log repeated 1 times
2024-08-13 02:34:12.360733 (user/501/com.apple.mdworker.shared.0A000000-0200-0000-0000-000000000000) <Notice>: internal event: WILL_SPAWN, code = 0
2024-08-13 02:34:12.360747 (user/501/com.apple.mdworker.shared.0A000000-0200-0000-0000-000000000000) <Notice>: service state: spawn scheduled
2024-08-13 02:34:12.360750 (user/501/com.apple.mdworker.shared.0A000000-0200-0000-0000-000000000000) <Notice>: service state: spawning
2024-08-13 02:34:12.360790 (user/501/com.apple.mdworker.shared.0A000000-0200-0000-0000-000000000000) <Notice>: launching: ipc (mach)
2024-08-13 02:34:12.361488 (user/501/com.apple.mdworker.shared.0A000000-0200-0000-0000-000000000000 [92145]) <Notice>: xpcproxy spawned with pid 92145
2024-08-13 02:34:12.361511 (user/501/com.apple.mdworker.shared.0A000000-0200-0000-0000-000000000000 [92145]) <Notice>: internal event: SPAWNED, code = 0
2024-08-13 02:34:12.361514 (user/501/com.apple.mdworker.shared.0A000000-0200-0000-0000-000000000000 [92145]) <Notice>: service state: xpcproxy
2024-08-13 02:34:12.361528 (user/501/com.apple.mdworker.shared.0A000000-0200-0000-0000-000000000000 [92145]) <Notice>: internal event: SOURCE_ATTACH, code = 0
2024-08-13 02:34:12.361532 (user/501/com.apple.mdworker.shared.04000000-0500-0000-0000-000000000000) <Notice>: internal event: WILL_SPAWN, code = 0
2024-08-13 02:34:12.361534 (user/501/com.apple.mdworker.shared.04000000-0500-0000-0000-000000000000) <Notice>: service state: spawn scheduled
2024-08-13 02:34:12.361536 (user/501/com.apple.mdworker.shared.04000000-0500-0000-0000-000000000000) <Notice>: service state: spawning
2024-08-13 02:34:12.361598 (user/501/com.apple.mdworker.shared.04000000-0500-0000-0000-000000000000) <Notice>: launching: ipc (mach)
2024-08-13 02:34:12.361974 (user/501/com.apple.mdworker.shared.04000000-0500-0000-0000-000000000000 [92146]) <Notice>: xpcproxy spawned with pid 92146
2024-08-13 02:34:12.361989 (user/501/com.apple.mdworker.shared.04000000-0500-0000-0000-000000000000 [92146]) <Notice>: internal event: SPAWNED, code = 0
2024-08-13 02:34:12.361991 (user/501/com.apple.mdworker.shared.04000000-0500-0000-0000-000000000000 [92146]) <Notice>: service state: xpcproxy
2024-08-13 02:34:12.361997 (user/501/com.apple.mdworker.shared.04000000-0500-0000-0000-000000000000 [92146]) <Notice>: internal event: SOURCE_ATTACH, code = 0
2024-08-13 02:34:12.367491 (user/501/com.apple.mdworker.shared.04000000-0500-0000-0000-000000000000 [92146]) <Notice>: service state: running
2024-08-13 02:34:12.367502 (user/501/com.apple.mdworker.shared.04000000-0500-0000-0000-000000000000 [92146]) <Notice>: internal event: INIT, code = 0
2024-08-13 02:34:12.367535 (user/501/com.apple.mdworker.shared.04000000-0500-0000-0000-000000000000 [92146]) <Notice>: Successfully spawned mdworker_shared[92146] because ipc (mach)
2024-08-13 02:34:12.367543 (user/501/com.apple.mdworker.shared.0A000000-0200-0000-0000-000000000000 [92145]) <Notice>: service state: running
2024-08-13 02:34:12.367545 (user/501/com.apple.mdworker.shared.0A000000-0200-0000-0000-000000000000 [92145]) <Notice>: internal event: INIT, code = 0
2024-08-13 02:34:12.367550 (user/501/com.apple.mdworker.shared.0A000000-0200-0000-0000-000000000000 [92145]) <Notice>: Successfully spawned mdworker_shared[92145] because ipc (mach)
2024-08-13 02:34:12.371937 (pid/92145 [mdworker_shared]) <Notice>: uncorking exec source upfront
2024-08-13 02:34:12.371958 (pid/92145 [mdworker_shared]) <Notice>: created
2024-08-13 02:34:12.372028 (pid/92146 [mdworker_shared]) <Notice>: uncorking exec source upfront
2024-08-13 02:34:12.372036 (pid/92146 [mdworker_shared]) <Notice>: created
2024-08-13 02:34:13.559739 (user/501/com.apple.mdworker.shared.07000000-0200-0000-0000-000000000000) <Notice>: internal event: WILL_SPAWN, code = 0
2024-08-13 02:34:13.559755 (user/501/com.apple.mdworker.shared.07000000-0200-0000-0000-000000000000) <Notice>: service state: spawn scheduled
2024-08-13 02:34:13.559757 (user/501/com.apple.mdworker.shared.07000000-0200-0000-0000-000000000000) <Notice>: service state: spawning
2024-08-13 02:34:13.559800 (user/501/com.apple.mdworker.shared.07000000-0200-0000-0000-000000000000) <Notice>: launching: ipc (mach)
2024-08-13 02:34:13.560426 (user/501/com.apple.mdworker.shared.07000000-0200-0000-0000-000000000000 [92147]) <Notice>: xpcproxy spawned with pid 92147
2024-08-13 02:34:13.560440 (user/501/com.apple.mdworker.shared.07000000-0200-0000-0000-000000000000 [92147]) <Notice>: internal event: SPAWNED, code = 0
2024-08-13 02:34:13.560442 (user/501/com.apple.mdworker.shared.07000000-0200-0000-0000-000000000000 [92147]) <Notice>: service state: xpcproxy
2024-08-13 02:34:13.560451 (user/501/com.apple.mdworker.shared.07000000-0200-0000-0000-000000000000 [92147]) <Notice>: internal event: SOURCE_ATTACH, code = 0
2024-08-13 02:34:13.560454 (user/501/com.apple.mdworker.shared.03000000-0200-0000-0000-000000000000) <Notice>: internal event: WILL_SPAWN, code = 0
2024-08-13 02:34:13.560456 (user/501/com.apple.mdworker.shared.03000000-0200-0000-0000-000000000000) <Notice>: service state: spawn scheduled
2024-08-13 02:34:13.560457 (user/501/com.apple.mdworker.shared.03000000-0200-0000-0000-000000000000) <Notice>: service state: spawning
2024-08-13 02:34:13.560476 (user/501/com.apple.mdworker.shared.03000000-0200-0000-0000-000000000000) <Notice>: launching: ipc (mach)
2024-08-13 02:34:13.560842 (user/501/com.apple.mdworker.shared.03000000-0200-0000-0000-000000000000 [92148]) <Notice>: xpcproxy spawned with pid 92148
2024-08-13 02:34:13.560854 (user/501/com.apple.mdworker.shared.03000000-0200-0000-0000-000000000000 [92148]) <Notice>: internal event: SPAWNED, code = 0
2024-08-13 02:34:13.560859 (user/501/com.apple.mdworker.shared.03000000-0200-0000-0000-000000000000 [92148]) <Notice>: service state: xpcproxy
2024-08-13 02:34:13.560864 (user/501/com.apple.mdworker.shared.03000000-0200-0000-0000-000000000000 [92148]) <Notice>: internal event: SOURCE_ATTACH, code = 0
2024-08-13 02:34:13.566775 (user/501/com.apple.mdworker.shared.07000000-0200-0000-0000-000000000000 [92147]) <Notice>: service state: running
2024-08-13 02:34:13.566784 (user/501/com.apple.mdworker.shared.07000000-0200-0000-0000-000000000000 [92147]) <Notice>: internal event: INIT, code = 0
2024-08-13 02:34:13.566812 (user/501/com.apple.mdworker.shared.07000000-0200-0000-0000-000000000000 [92147]) <Notice>: Successfully spawned mdworker_shared[92147] because ipc (mach)
2024-08-13 02:34:13.566820 (user/501/com.apple.mdworker.shared.03000000-0200-0000-0000-000000000000 [92148]) <Notice>: service state: running
2024-08-13 02:34:13.566822 (user/501/com.apple.mdworker.shared.03000000-0200-0000-0000-000000000000 [92148]) <Notice>: internal event: INIT, code = 0
2024-08-13 02:34:13.566826 (user/501/com.apple.mdworker.shared.03000000-0200-0000-0000-000000000000 [92148]) <Notice>: Successfully spawned mdworker_shared[92148] because ipc (mach)
2024-08-13 02:34:13.570978 (pid/92148 [mdworker_shared]) <Notice>: uncorking exec source upfront
2024-08-13 02:34:13.570996 (pid/92148 [mdworker_shared]) <Notice>: created
2024-08-13 02:34:13.571060 (pid/92147 [mdworker_shared]) <Notice>: uncorking exec source upfront
2024-08-13 02:34:13.571067 (pid/92147 [mdworker_shared]) <Notice>: created
2024-08-13 02:34:15.335927 (gui/501 [100005]) <Warning>: denied lookup: name = com.apple.contactsd.persistence, requestor = searchpartyuser[1094], error = 159: Sandbox restriction
2024-08-13 02:34:15.339540 <Notice>: Last log repeated 1 times
2024-08-13 02:34:15.339493 (gui/501 [100005]) <Warning>: denied lookup: name = com.apple.contactsd.persistence, requestor = imagent[620], error = 159: Sandbox restriction
2024-08-13 02:34:15.533346 <Notice>: Last log repeated 1 times
2024-08-13 02:34:15.533327 (user/501/com.apple.mdworker.shared.0D000000-0200-0000-0000-000000000000) <Notice>: internal event: WILL_SPAWN, code = 0
2024-08-13 02:34:15.533338 (user/501/com.apple.mdworker.shared.0D000000-0200-0000-0000-000000000000) <Notice>: service state: spawn scheduled
2024-08-13 02:34:15.533340 (user/501/com.apple.mdworker.shared.0D000000-0200-0000-0000-000000000000) <Notice>: service state: spawning
2024-08-13 02:34:15.533384 (user/501/com.apple.mdworker.shared.0D000000-0200-0000-0000-000000000000) <Notice>: launching: ipc (mach)
2024-08-13 02:34:15.533976 (user/501/com.apple.mdworker.shared.0D000000-0200-0000-0000-000000000000 [92150]) <Notice>: xpcproxy spawned with pid 92150
2024-08-13 02:34:15.533988 (user/501/com.apple.mdworker.shared.0D000000-0200-0000-0000-000000000000 [92150]) <Notice>: internal event: SPAWNED, code = 0
2024-08-13 02:34:15.533991 (user/501/com.apple.mdworker.shared.0D000000-0200-0000-0000-000000000000 [92150]) <Notice>: service state: xpcproxy
2024-08-13 02:34:15.533999 (user/501/com.apple.mdworker.shared.0D000000-0200-0000-0000-000000000000 [92150]) <Notice>: internal event: SOURCE_ATTACH, code = 0
2024-08-13 02:34:15.539743 (user/501/com.apple.mdworker.shared.0D000000-0200-0000-0000-000000000000 [92150]) <Notice>: service state: running
2024-08-13 02:34:15.539752 (user/501/com.apple.mdworker.shared.0D000000-0200-0000-0000-000000000000 [92150]) <Notice>: internal event: INIT, code = 0
2024-08-13 02:34:15.539782 (user/501/com.apple.mdworker.shared.0D000000-0200-0000-0000-000000000000 [92150]) <Notice>: Successfully spawned mdworker_shared[92150] because ipc (mach)
2024-08-13 02:34:15.544306 (pid/92150 [mdworker_shared]) <Notice>: uncorking exec source upfront
2024-08-13 02:34:15.544325 (pid/92150 [mdworker_shared]) <Notice>: created
2024-08-13 02:34:18.341015 (gui/501 [100005]) <Warning>: denied lookup: name = com.apple.contactsd.persistence, requestor = searchpartyuser[1094], error = 159: Sandbox restriction
2024-08-13 02:34:18.342916 <Notice>: Last log repeated 3 times
2024-08-13 02:34:18.342903 (gui/501 [100005]) <Warning>: denied lookup: name = com.apple.AddressBook.ContactsAccountsService, requestor = searchpartyuser[1094], error = 159: Sandbox restriction
2024-08-13 02:34:18.345790 (gui/501 [100005]) <Warning>: denied lookup: name = com.apple.contactsd.persistence, requestor = imagent[620], error = 159: Sandbox restriction
2024-08-13 02:34:18.348925 <Notice>: Last log repeated 3 times
2024-08-13 02:34:18.348875 (gui/501 [100005]) <Warning>: denied lookup: name = com.apple.AddressBook.ContactsAccountsService, requestor = imagent[620], error = 159: Sandbox restriction
2024-08-13 02:34:18.349783 (gui/501 [100005]) <Warning>: denied lookup: name = com.apple.contactsd.persistence, requestor = searchpartyuser[1094], error = 159: Sandbox restriction
2024-08-13 02:34:18.355673 <Notice>: Last log repeated 7 times
2024-08-13 02:34:18.355650 (gui/501 [100005]) <Warning>: denied lookup: name = com.apple.contactsd.persistence, requestor = imagent[620], error = 159: Sandbox restriction
2024-08-13 02:34:21.357422 <Notice>: Last log repeated 7 times
2024-08-13 02:34:21.357390 (gui/501 [100005]) <Warning>: denied lookup: name = com.apple.contactsd.persistence, requestor = searchpartyuser[1094], error = 159: Sandbox restriction
2024-08-13 02:34:21.359012 <Notice>: Last log repeated 1 times
2024-08-13 02:34:21.358964 (gui/501 [100005]) <Warning>: denied lookup: name = com.apple.contactsd.persistence, requestor = imagent[620], error = 159: Sandbox restriction
2024-08-13 02:34:24.308336 <Notice>: Last log repeated 1 times
2024-08-13 02:34:24.308317 (pid/91716/com.apple.QuickLookThumbnailing.extension.ThumbnailExtension-macOS [91727]) <Notice>: extension already interrupted clean exit attempt
2024-08-13 02:34:24.363941 (gui/501 [100005]) <Warning>: denied lookup: name = com.apple.contactsd.persistence, requestor = imagent[620], error = 159: Sandbox restriction
2024-08-13 02:34:24.364034 (gui/501 [100005]) <Warning>: denied lookup: name = com.apple.contactsd.persistence, requestor = searchpartyuser[1094], error = 159: Sandbox restriction
2024-08-13 02:34:24.364871 (gui/501 [100005]) <Warning>: denied lookup: name = com.apple.contactsd.persistence, requestor = imagent[620], error = 159: Sandbox restriction
2024-08-13 02:34:24.364898 (gui/501 [100005]) <Warning>: denied lookup: name = com.apple.contactsd.persistence, requestor = searchpartyuser[1094], error = 159: Sandbox restriction
2024-08-13 02:34:25.597905 (user/501/com.apple.mdworker.shared.0E000000-0400-0000-0000-000000000000) <Notice>: internal event: WILL_SPAWN, code = 0
2024-08-13 02:34:25.597920 (user/501/com.apple.mdworker.shared.0E000000-0400-0000-0000-000000000000) <Notice>: service state: spawn scheduled
2024-08-13 02:34:25.597922 (user/501/com.apple.mdworker.shared.0E000000-0400-0000-0000-000000000000) <Notice>: service state: spawning
2024-08-13 02:34:25.597965 (user/501/com.apple.mdworker.shared.0E000000-0400-0000-0000-000000000000) <Notice>: launching: ipc (mach)
2024-08-13 02:34:25.599218 (user/501/com.apple.mdworker.shared.0E000000-0400-0000-0000-000000000000 [92265]) <Notice>: xpcproxy spawned with pid 92265
2024-08-13 02:34:25.599262 (user/501/com.apple.mdworker.shared.0E000000-0400-0000-0000-000000000000 [92265]) <Notice>: internal event: SPAWNED, code = 0
2024-08-13 02:34:25.599267 (user/501/com.apple.mdworker.shared.0E000000-0400-0000-0000-000000000000 [92265]) <Notice>: service state: xpcproxy
2024-08-13 02:34:25.599282 (user/501/com.apple.mdworker.shared.0E000000-0400-0000-0000-000000000000 [92265]) <Notice>: internal event: SOURCE_ATTACH, code = 0
2024-08-13 02:34:25.599288 (user/501/com.apple.mdworker.shared.0B000000-0700-0000-0000-000000000000) <Notice>: internal event: WILL_SPAWN, code = 0
2024-08-13 02:34:25.599290 (user/501/com.apple.mdworker.shared.0B000000-0700-0000-0000-000000000000) <Notice>: service state: spawn scheduled
2024-08-13 02:34:25.599292 (user/501/com.apple.mdworker.shared.0B000000-0700-0000-0000-000000000000) <Notice>: service state: spawning
2024-08-13 02:34:25.599328 (user/501/com.apple.mdworker.shared.0B000000-0700-0000-0000-000000000000) <Notice>: launching: ipc (mach)
2024-08-13 02:34:25.600205 (user/501/com.apple.mdworker.shared.0B000000-0700-0000-0000-000000000000 [92266]) <Notice>: xpcproxy spawned with pid 92266
2024-08-13 02:34:25.600214 (user/501/com.apple.mdworker.shared.0B000000-0700-0000-0000-000000000000 [92266]) <Notice>: internal event: SPAWNED, code = 0
2024-08-13 02:34:25.600217 (user/501/com.apple.mdworker.shared.0B000000-0700-0000-0000-000000000000 [92266]) <Notice>: service state: xpcproxy
2024-08-13 02:34:25.600225 (user/501/com.apple.mdworker.shared.0B000000-0700-0000-0000-000000000000 [92266]) <Notice>: internal event: SOURCE_ATTACH, code = 0
2024-08-13 02:34:25.610639 (user/501/com.apple.mdworker.shared.01000000-0600-0000-0000-000000000000) <Notice>: internal event: WILL_SPAWN, code = 0
2024-08-13 02:34:25.610643 (user/501/com.apple.mdworker.shared.01000000-0600-0000-0000-000000000000) <Notice>: service state: spawn scheduled
2024-08-13 02:34:25.610645 (user/501/com.apple.mdworker.shared.01000000-0600-0000-0000-000000000000) <Notice>: service state: spawning
2024-08-13 02:34:25.610680 (user/501/com.apple.mdworker.shared.01000000-0600-0000-0000-000000000000) <Notice>: launching: ipc (mach)
2024-08-13 02:34:25.611761 (user/501/com.apple.mdworker.shared.01000000-0600-0000-0000-000000000000 [92267]) <Notice>: xpcproxy spawned with pid 92267
2024-08-13 02:34:25.611790 (user/501/com.apple.mdworker.shared.01000000-0600-0000-0000-000000000000 [92267]) <Notice>: internal event: SPAWNED, code = 0
2024-08-13 02:34:25.611793 (user/501/com.apple.mdworker.shared.01000000-0600-0000-0000-000000000000 [92267]) <Notice>: service state: xpcproxy
2024-08-13 02:34:25.611856 (user/501/com.apple.mdworker.shared.01000000-0600-0000-0000-000000000000 [92267]) <Notice>: internal event: SOURCE_ATTACH, code = 0
2024-08-13 02:34:25.616647 (user/501/com.apple.mdworker.shared.0B000000-0700-0000-0000-000000000000 [92266]) <Notice>: service state: running
2024-08-13 02:34:25.616660 (user/501/com.apple.mdworker.shared.0B000000-0700-0000-0000-000000000000 [92266]) <Notice>: internal event: INIT, code = 0
2024-08-13 02:34:25.616735 (user/501/com.apple.mdworker.shared.0B000000-0700-0000-0000-000000000000 [92266]) <Notice>: Successfully spawned mdworker_shared[92266] because ipc (mach)
2024-08-13 02:34:25.616794 (user/501/com.apple.mdworker.shared.0E000000-0400-0000-0000-000000000000 [92265]) <Notice>: service state: running
2024-08-13 02:34:25.616797 (user/501/com.apple.mdworker.shared.0E000000-0400-0000-0000-000000000000 [92265]) <Notice>: internal event: INIT, code = 0
2024-08-13 02:34:25.616802 (user/501/com.apple.mdworker.shared.0E000000-0400-0000-0000-000000000000 [92265]) <Notice>: Successfully spawned mdworker_shared[92265] because ipc (mach)
2024-08-13 02:34:25.619528 (user/501/com.apple.mdworker.shared.01000000-0600-0000-0000-000000000000 [92267]) <Notice>: service state: running
2024-08-13 02:34:25.619539 (user/501/com.apple.mdworker.shared.01000000-0600-0000-0000-000000000000 [92267]) <Notice>: internal event: INIT, code = 0
2024-08-13 02:34:25.619559 (user/501/com.apple.mdworker.shared.01000000-0600-0000-0000-000000000000 [92267]) <Notice>: Successfully spawned mdworker_shared[92267] because ipc (mach)
2024-08-13 02:34:25.622905 (pid/92265 [mdworker_shared]) <Notice>: uncorking exec source upfront
2024-08-13 02:34:25.622997 (pid/92265 [mdworker_shared]) <Notice>: created
2024-08-13 02:34:25.623539 (pid/92266 [mdworker_shared]) <Notice>: uncorking exec source upfront
2024-08-13 02:34:25.623548 (pid/92266 [mdworker_shared]) <Notice>: created
2024-08-13 02:34:25.624310 (user/501/com.apple.mdworker.shared.08000000-0200-0000-0000-000000000000) <Notice>: internal event: WILL_SPAWN, code = 0
2024-08-13 02:34:25.624320 (user/501/com.apple.mdworker.shared.08000000-0200-0000-0000-000000000000) <Notice>: service state: spawn scheduled
2024-08-13 02:34:25.624323 (user/501/com.apple.mdworker.shared.08000000-0200-0000-0000-000000000000) <Notice>: service state: spawning
2024-08-13 02:34:25.624368 (user/501/com.apple.mdworker.shared.08000000-0200-0000-0000-000000000000) <Notice>: launching: ipc (mach)
2024-08-13 02:34:25.625097 (user/501/com.apple.mdworker.shared.08000000-0200-0000-0000-000000000000 [92268]) <Notice>: xpcproxy spawned with pid 92268
2024-08-13 02:34:25.625115 (user/501/com.apple.mdworker.shared.08000000-0200-0000-0000-000000000000 [92268]) <Notice>: internal event: SPAWNED, code = 0
2024-08-13 02:34:25.625118 (user/501/com.apple.mdworker.shared.08000000-0200-0000-0000-000000000000 [92268]) <Notice>: service state: xpcproxy
2024-08-13 02:34:25.625140 (user/501/com.apple.mdworker.shared.08000000-0200-0000-0000-000000000000 [92268]) <Notice>: internal event: SOURCE_ATTACH, code = 0
2024-08-13 02:34:25.625230 (user/501/com.apple.mdworker.shared.02000000-0500-0000-0000-000000000000) <Notice>: internal event: WILL_SPAWN, code = 0
2024-08-13 02:34:25.625232 (user/501/com.apple.mdworker.shared.02000000-0500-0000-0000-000000000000) <Notice>: service state: spawn scheduled
2024-08-13 02:34:25.625234 (user/501/com.apple.mdworker.shared.02000000-0500-0000-0000-000000000000) <Notice>: service state: spawning
2024-08-13 02:34:25.625257 (user/501/com.apple.mdworker.shared.02000000-0500-0000-0000-000000000000) <Notice>: launching: ipc (mach)
2024-08-13 02:34:25.626233 (user/501/com.apple.mdworker.shared.02000000-0500-0000-0000-000000000000 [92269]) <Notice>: xpcproxy spawned with pid 92269
2024-08-13 02:34:25.626255 (user/501/com.apple.mdworker.shared.02000000-0500-0000-0000-000000000000 [92269]) <Notice>: internal event: SPAWNED, code = 0
2024-08-13 02:34:25.626261 (user/501/com.apple.mdworker.shared.02000000-0500-0000-0000-000000000000 [92269]) <Notice>: service state: xpcproxy
2024-08-13 02:34:25.626332 (user/501/com.apple.mdworker.shared.02000000-0500-0000-0000-000000000000 [92269]) <Notice>: internal event: SOURCE_ATTACH, code = 0
2024-08-13 02:34:25.626382 (pid/92267 [mdworker_shared]) <Notice>: uncorking exec source upfront
2024-08-13 02:34:25.626392 (pid/92267 [mdworker_shared]) <Notice>: created
2024-08-13 02:34:25.631656 (user/501/com.apple.mdworker.shared.08000000-0200-0000-0000-000000000000 [92268]) <Notice>: service state: running
2024-08-13 02:34:25.631659 (user/501/com.apple.mdworker.shared.08000000-0200-0000-0000-000000000000 [92268]) <Notice>: internal event: INIT, code = 0
2024-08-13 02:34:25.631668 (user/501/com.apple.mdworker.shared.08000000-0200-0000-0000-000000000000 [92268]) <Notice>: Successfully spawned mdworker_shared[92268] because ipc (mach)
2024-08-13 02:34:25.632143 (user/501/com.apple.mdworker.shared.02000000-0500-0000-0000-000000000000 [92269]) <Notice>: service state: running
2024-08-13 02:34:25.632147 (user/501/com.apple.mdworker.shared.02000000-0500-0000-0000-000000000000 [92269]) <Notice>: internal event: INIT, code = 0
2024-08-13 02:34:25.632158 (user/501/com.apple.mdworker.shared.02000000-0500-0000-0000-000000000000 [92269]) <Notice>: Successfully spawned mdworker_shared[92269] because ipc (mach)
2024-08-13 02:34:25.636041 (pid/92269 [mdworker_shared]) <Notice>: uncorking exec source upfront
2024-08-13 02:34:25.636058 (pid/92269 [mdworker_shared]) <Notice>: created
2024-08-13 02:34:25.636168 (pid/92268 [mdworker_shared]) <Notice>: uncorking exec source upfront
2024-08-13 02:34:25.636177 (pid/92268 [mdworker_shared]) <Notice>: created
2024-08-13 02:34:25.722443 (user/501/com.apple.mdworker.shared.02000000-0500-0000-0000-000000000000 [92269]) <Notice>: exited due to SIGKILL | sent by mds[116], ran for 96ms
2024-08-13 02:34:25.722456 (user/501/com.apple.mdworker.shared.02000000-0500-0000-0000-000000000000 [92269]) <Notice>: service state: exited
2024-08-13 02:34:25.722463 (user/501/com.apple.mdworker.shared.02000000-0500-0000-0000-000000000000 [92269]) <Notice>: internal event: EXITED, code = 0
2024-08-13 02:34:25.722466 (user/501) <Notice>: service inactive: com.apple.mdworker.shared.02000000-0500-0000-0000-000000000000
2024-08-13 02:34:25.722468 (user/501) <Notice>: removing service: com.apple.mdworker.shared.02000000-0500-0000-0000-000000000000
2024-08-13 02:34:25.722479 (user/501/com.apple.mdworker.shared.02000000-0500-0000-0000-000000000000 [92269]) <Notice>: internal event: PETRIFIED, code = 0
2024-08-13 02:34:25.722483 (user/501/com.apple.mdworker.shared.02000000-0500-0000-0000-000000000000 [92269]) <Notice>: service state: not running
2024-08-13 02:34:25.722493 (pid/92269 [mdworker_shared]) <Notice>: shutting down
2024-08-13 02:34:25.722498 (pid/92269 [mdworker_shared]) <Notice>: cleaning up
2024-08-13 02:34:25.722539 (system) <Notice>: removing child: pid/92269
2024-08-13 02:34:25.841413 (pid/92284 [diskutil]) <Notice>: uncorking exec source upfront
2024-08-13 02:34:25.841429 (pid/92284 [diskutil]) <Notice>: created
2024-08-13 02:34:25.841620 (pid/92284 [diskutil]) <Notice>: uncorking domain
2024-08-13 02:34:25.841909 (pid/92284 [diskutil]) <Notice>: Service stub created for com.apple.PerfPowerTelemetryClientRegistrationService
2024-08-13 02:34:25.841921 (pid/92284 [diskutil]) <Notice>: Service stub created for com.apple.appkit.xpc.ColorPickerImageLoader
2024-08-13 02:34:25.841928 (pid/92284 [diskutil]) <Notice>: Service stub created for com.apple.appkit.xpc.defaultSyncService
2024-08-13 02:34:25.841932 (pid/92284 [diskutil]) <Notice>: Service stub created for com.apple.appkit.xpc.documentPopoverViewService
2024-08-13 02:34:25.841934 (pid/92284 [diskutil]) <Notice>: Service stub created for com.apple.appkit.xpc.LegacyExternalColorPickerService.arm64
2024-08-13 02:34:25.841937 (pid/92284 [diskutil]) <Notice>: Service stub created for com.apple.appkit.xpc.LegacyExternalColorPickerService.x86_64
2024-08-13 02:34:25.841939 (pid/92284 [diskutil]) <Notice>: Service stub created for com.apple.MediaLibraryBrowser
2024-08-13 02:34:25.841942 (pid/92284 [diskutil]) <Notice>: Service stub created for com.apple.appkit.xpc.sandboxedServiceRunner
2024-08-13 02:34:25.841945 (pid/92284 [diskutil]) <Notice>: Service stub created for com.apple.appkit.xpc.ThemeWidgetControlViewService
2024-08-13 02:34:25.841947 (pid/92284 [diskutil]) <Notice>: Service stub created for com.apple.xpc.TypographyPanelService
2024-08-13 02:34:25.841949 (pid/92284 [diskutil]) <Notice>: Service stub created for com.apple.automator.xpc.workflowServiceRunner
2024-08-13 02:34:25.841951 (pid/92284 [diskutil]) <Notice>: Service stub created for com.apple.appkit.xpc.VersionsUIHelper
2024-08-13 02:34:25.841958 (pid/92284 [diskutil]) <Notice>: Service stub created for com.apple.appkit.xpc.openAndSavePanelService
2024-08-13 02:34:25.842050 (pid/92284 [diskutil]) <Notice>: Service stub created for com.apple.foundation.UserScriptService
2024-08-13 02:34:25.842149 (pid/92284 [diskutil]) <Notice>: Service stub created for com.apple.ImageIOXPCService
2024-08-13 02:34:25.842161 (pid/92284 [diskutil]) <Notice>: Service stub created for com.apple.CoreGraphics.CGPDFService
2024-08-13 02:34:25.842209 (pid/92284 [diskutil]) <Notice>: Service stub created for com.apple.diskimagescontroller
2024-08-13 02:34:25.842225 (pid/92284 [diskutil]) <Notice>: Service stub created for com.apple.textkit.nsattributedstringagent
2024-08-13 02:34:25.842253 (pid/92284 [diskutil]) <Notice>: Service stub created for com.apple.speech.SpeechSynthesisServerXPC
2024-08-13 02:34:25.842316 (pid/92284 [diskutil]) <Notice>: Service stub created for com.apple.audio.Core-Audio-Driver-Service.helper
2024-08-13 02:34:25.842322 (pid/92284 [diskutil]) <Notice>: Service stub created for com.apple.audio.Core-Audio-Driver-Service
2024-08-13 02:34:25.842326 (pid/92284 [diskutil]) <Notice>: Service stub created for com.apple.audio.DriverHelper
2024-08-13 02:34:25.842335 (pid/92284 [diskutil]) <Notice>: Service stub created for com.apple.extensionkitservice
2024-08-13 02:34:25.842473 (pid/92284 [diskutil]) <Notice>: Service stub created for com.apple.CoreDisplay.XPCService
2024-08-13 02:34:25.842485 (pid/92284 [diskutil]) <Notice>: Service stub created for com.apple.CMValidateMovieDataReferenceService
2024-08-13 02:34:25.842518 (pid/92284 [diskutil]) <Notice>: Service stub created for com.apple.audio.AUHostingService.x86-64
2024-08-13 02:34:25.842521 (pid/92284 [diskutil]) <Notice>: Service stub created for com.apple.audio.AUHostingService.arm64e
2024-08-13 02:34:25.842523 (pid/92284 [diskutil]) <Notice>: Service stub created for com.apple.audio.AudioConverterService
2024-08-13 02:34:25.842527 (pid/92284 [diskutil]) <Notice>: Service stub created for com.apple.audio.CarbonComponentScanner.x86-64
2024-08-13 02:34:25.842531 (pid/92284 [diskutil]) <Notice>: Service stub created for com.apple.audio.ComponentTagHelper
2024-08-13 02:34:25.842535 (pid/92284 [diskutil]) <Notice>: Service stub created for com.apple.audio.InfoHelper
2024-08-13 02:34:25.842538 (pid/92284 [diskutil]) <Notice>: Service stub created for com.apple.audio.SandboxHelper
2024-08-13 02:34:25.842546 (pid/92284 [diskutil]) <Notice>: Service stub created for com.apple.internal.DataDetectorsRemoteScanner
2024-08-13 02:34:25.842569 (pid/92284 [diskutil]) <Notice>: Service stub created for com.apple.OSLogService
2024-08-13 02:34:25.842632 (pid/92284 [diskutil]) <Notice>: Service stub created for com.apple.coremedia.videodecoder
2024-08-13 02:34:25.842635 (pid/92284 [diskutil]) <Notice>: Service stub created for com.apple.coremedia.videodecoder.zonto
2024-08-13 02:34:25.842639 (pid/92284 [diskutil]) <Notice>: Service stub created for com.apple.coremedia.videoencoder
2024-08-13 02:34:25.842641 (pid/92284 [diskutil]) <Notice>: Service stub created for com.apple.coremedia.videoencoder.zonto
2024-08-13 02:34:25.842748 (pid/92284 [diskutil]) <Notice>: Service stub created for com.apple.ColorSyncXPCAgent
2024-08-13 02:34:25.842832 (pid/92284 [diskutil]) <Notice>: Service stub created for com.apple.security.XPCAcmeService
2024-08-13 02:34:25.842893 (pid/92284 [diskutil]) <Notice>: Service stub created for com.apple.MTLCompilerService
2024-08-13 02:34:25.842942 (pid/92284 [diskutil]) <Notice>: Service stub created for com.apple.security.pboxd
2024-08-13 02:34:25.866870 (user/501/com.apple.mdworker.shared.0B000000-0700-0000-0000-000000000000 [92266]) <Notice>: exited due to exit(0), ran for 265ms
2024-08-13 02:34:25.866887 (user/501/com.apple.mdworker.shared.0B000000-0700-0000-0000-000000000000 [92266]) <Notice>: service state: exited
2024-08-13 02:34:25.866894 (user/501/com.apple.mdworker.shared.0B000000-0700-0000-0000-000000000000 [92266]) <Notice>: internal event: EXITED, code = 0
2024-08-13 02:34:25.866897 (user/501) <Notice>: service inactive: com.apple.mdworker.shared.0B000000-0700-0000-0000-000000000000
2024-08-13 02:34:25.866899 (user/501) <Notice>: removing service: com.apple.mdworker.shared.0B000000-0700-0000-0000-000000000000
2024-08-13 02:34:25.866909 (user/501/com.apple.mdworker.shared.0B000000-0700-0000-0000-000000000000 [92266]) <Notice>: internal event: PETRIFIED, code = 0
2024-08-13 02:34:25.866911 (user/501/com.apple.mdworker.shared.0B000000-0700-0000-0000-000000000000 [92266]) <Notice>: service state: not running
2024-08-13 02:34:25.866922 (pid/92266 [mdworker_shared]) <Notice>: shutting down
2024-08-13 02:34:25.866928 (pid/92266 [mdworker_shared]) <Notice>: cleaning up
2024-08-13 02:34:25.866988 (system) <Notice>: removing child: pid/92266
2024-08-13 02:34:25.867238 (user/501/com.apple.mdworker.shared.0D000000-0200-0000-0000-000000000000 [92150]) <Notice>: exited due to exit(0), ran for 10331ms
2024-08-13 02:34:25.867241 (user/501/com.apple.mdworker.shared.0D000000-0200-0000-0000-000000000000 [92150]) <Notice>: service state: exited
2024-08-13 02:34:25.867244 (user/501/com.apple.mdworker.shared.0D000000-0200-0000-0000-000000000000 [92150]) <Notice>: internal event: EXITED, code = 0
2024-08-13 02:34:25.867245 (user/501) <Notice>: service inactive: com.apple.mdworker.shared.0D000000-0200-0000-0000-000000000000
2024-08-13 02:34:25.867246 (user/501) <Notice>: removing service: com.apple.mdworker.shared.0D000000-0200-0000-0000-000000000000
2024-08-13 02:34:25.867252 (user/501/com.apple.mdworker.shared.0D000000-0200-0000-0000-000000000000 [92150]) <Notice>: internal event: PETRIFIED, code = 0
2024-08-13 02:34:25.867254 (user/501/com.apple.mdworker.shared.0D000000-0200-0000-0000-000000000000 [92150]) <Notice>: service state: not running
2024-08-13 02:34:25.867289 (pid/92150 [mdworker_shared]) <Notice>: shutting down
2024-08-13 02:34:25.867292 (pid/92150 [mdworker_shared]) <Notice>: cleaning up
2024-08-13 02:34:25.867296 (system) <Notice>: removing child: pid/92150
2024-08-13 02:34:25.868298 <Notice>: Flushed 20 logs [limit: 20]
2024-08-13 02:34:25.870049 (user/501/com.apple.mdworker.shared.08000000-0200-0000-0000-000000000000 [92268]) <Notice>: exited due to exit(0), ran for 244ms
2024-08-13 02:34:25.870057 (user/501/com.apple.mdworker.shared.08000000-0200-0000-0000-000000000000 [92268]) <Notice>: service state: exited
2024-08-13 02:34:25.870061 (user/501/com.apple.mdworker.shared.08000000-0200-0000-0000-000000000000 [92268]) <Notice>: internal event: EXITED, code = 0
2024-08-13 02:34:25.870063 (user/501) <Notice>: service inactive: com.apple.mdworker.shared.08000000-0200-0000-0000-000000000000
2024-08-13 02:34:25.870064 (user/501) <Notice>: removing service: com.apple.mdworker.shared.08000000-0200-0000-0000-000000000000
2024-08-13 02:34:25.870073 (user/501/com.apple.mdworker.shared.08000000-0200-0000-0000-000000000000 [92268]) <Notice>: internal event: PETRIFIED, code = 0
2024-08-13 02:34:25.870075 (user/501/com.apple.mdworker.shared.08000000-0200-0000-0000-000000000000 [92268]) <Notice>: service state: not running
2024-08-13 02:34:25.870146 (pid/92268 [mdworker_shared]) <Notice>: shutting down
2024-08-13 02:34:25.870150 (pid/92268 [mdworker_shared]) <Notice>: cleaning up
2024-08-13 02:34:25.870153 (system) <Notice>: removing child: pid/92268
2024-08-13 02:34:25.870393 (user/501/com.apple.mdworker.shared.07000000-0200-0000-0000-000000000000 [92147]) <Notice>: exited due to exit(0), ran for 12309ms
2024-08-13 02:34:25.870395 (user/501/com.apple.mdworker.shared.07000000-0200-0000-0000-000000000000 [92147]) <Notice>: service state: exited
2024-08-13 02:34:25.870398 (user/501/com.apple.mdworker.shared.07000000-0200-0000-0000-000000000000 [92147]) <Notice>: internal event: EXITED, code = 0
2024-08-13 02:34:25.870399 (user/501) <Notice>: service inactive: com.apple.mdworker.shared.07000000-0200-0000-0000-000000000000
2024-08-13 02:34:25.870400 (user/501) <Notice>: removing service: com.apple.mdworker.shared.07000000-0200-0000-0000-000000000000
2024-08-13 02:34:25.870406 (user/501/com.apple.mdworker.shared.07000000-0200-0000-0000-000000000000 [92147]) <Notice>: internal event: PETRIFIED, code = 0
2024-08-13 02:34:25.870408 (user/501/com.apple.mdworker.shared.07000000-0200-0000-0000-000000000000 [92147]) <Notice>: service state: not running
2024-08-13 02:34:25.870415 (pid/92147 [mdworker_shared]) <Notice>: shutting down
2024-08-13 02:34:25.870417 (pid/92147 [mdworker_shared]) <Notice>: cleaning up
2024-08-13 02:34:25.870430 (system) <Notice>: removing child: pid/92147
2024-08-13 02:34:25.871884 (user/501/com.apple.mdworker.shared.0E000000-0400-0000-0000-000000000000 [92265]) <Notice>: exited due to exit(0), ran for 272ms
2024-08-13 02:34:25.871891 (user/501/com.apple.mdworker.shared.0E000000-0400-0000-0000-000000000000 [92265]) <Notice>: service state: exited
2024-08-13 02:34:25.871894 (user/501/com.apple.mdworker.shared.0E000000-0400-0000-0000-000000000000 [92265]) <Notice>: internal event: EXITED, code = 0
2024-08-13 02:34:25.871896 (user/501) <Notice>: service inactive: com.apple.mdworker.shared.0E000000-0400-0000-0000-000000000000
2024-08-13 02:34:25.871897 (user/501) <Notice>: removing service: com.apple.mdworker.shared.0E000000-0400-0000-0000-000000000000
2024-08-13 02:34:25.871905 (user/501/com.apple.mdworker.shared.0E000000-0400-0000-0000-000000000000 [92265]) <Notice>: internal event: PETRIFIED, code = 0
2024-08-13 02:34:25.871907 (user/501/com.apple.mdworker.shared.0E000000-0400-0000-0000-000000000000 [92265]) <Notice>: service state: not running
2024-08-13 02:34:25.871919 (pid/92265 [mdworker_shared]) <Notice>: shutting down
2024-08-13 02:34:25.871926 (pid/92265 [mdworker_shared]) <Notice>: cleaning up
2024-08-13 02:34:25.871964 (system) <Notice>: removing child: pid/92265
2024-08-13 02:34:25.872913 (user/501/com.apple.mdworker.shared.0F000000-0000-0000-0000-000000000000 [92131]) <Notice>: exited due to exit(0), ran for 27336ms
2024-08-13 02:34:25.872921 (user/501/com.apple.mdworker.shared.0F000000-0000-0000-0000-000000000000 [92131]) <Notice>: service state: exited
2024-08-13 02:34:25.872925 (user/501/com.apple.mdworker.shared.0F000000-0000-0000-0000-000000000000 [92131]) <Notice>: internal event: EXITED, code = 0
2024-08-13 02:34:25.872927 (user/501) <Notice>: service inactive: com.apple.mdworker.shared.0F000000-0000-0000-0000-000000000000
2024-08-13 02:34:25.872928 (user/501) <Notice>: removing service: com.apple.mdworker.shared.0F000000-0000-0000-0000-000000000000
2024-08-13 02:34:25.872937 (user/501/com.apple.mdworker.shared.0F000000-0000-0000-0000-000000000000 [92131]) <Notice>: internal event: PETRIFIED, code = 0
2024-08-13 02:34:25.872940 (user/501/com.apple.mdworker.shared.0F000000-0000-0000-0000-000000000000 [92131]) <Notice>: service state: not running
2024-08-13 02:34:25.872948 (pid/92131 [mdworker_shared]) <Notice>: shutting down
2024-08-13 02:34:25.872952 (pid/92131 [mdworker_shared]) <Notice>: cleaning up
2024-08-13 02:34:25.872978 (system) <Notice>: removing child: pid/92131
2024-08-13 02:34:25.874003 (user/501/com.apple.mdworker.shared.05000000-0600-0000-0000-000000000000 [92132]) <Notice>: exited due to exit(0), ran for 27336ms
2024-08-13 02:34:25.874010 (user/501/com.apple.mdworker.shared.05000000-0600-0000-0000-000000000000 [92132]) <Notice>: service state: exited
2024-08-13 02:34:25.874014 (user/501/com.apple.mdworker.shared.05000000-0600-0000-0000-000000000000 [92132]) <Notice>: internal event: EXITED, code = 0
2024-08-13 02:34:25.874016 (user/501) <Notice>: service inactive: com.apple.mdworker.shared.05000000-0600-0000-0000-000000000000
2024-08-13 02:34:25.874017 (user/501) <Notice>: removing service: com.apple.mdworker.shared.05000000-0600-0000-0000-000000000000
2024-08-13 02:34:25.874025 (user/501/com.apple.mdworker.shared.05000000-0600-0000-0000-000000000000 [92132]) <Notice>: internal event: PETRIFIED, code = 0
2024-08-13 02:34:25.874027 (user/501/com.apple.mdworker.shared.05000000-0600-0000-0000-000000000000 [92132]) <Notice>: service state: not running
2024-08-13 02:34:25.874041 (pid/92132 [mdworker_shared]) <Notice>: shutting down
2024-08-13 02:34:25.874047 (pid/92132 [mdworker_shared]) <Notice>: cleaning up
2024-08-13 02:34:25.874064 (system) <Notice>: removing child: pid/92132
2024-08-13 02:34:25.875468 (user/501/com.apple.mdworker.shared.0C000000-0400-0000-0000-000000000000 [92129]) <Notice>: exited due to exit(0), ran for 27467ms
2024-08-13 02:34:25.875478 (user/501/com.apple.mdworker.shared.0C000000-0400-0000-0000-000000000000 [92129]) <Notice>: service state: exited
2024-08-13 02:34:25.875482 (user/501/com.apple.mdworker.shared.0C000000-0400-0000-0000-000000000000 [92129]) <Notice>: internal event: EXITED, code = 0
2024-08-13 02:34:25.875484 (user/501) <Notice>: service inactive: com.apple.mdworker.shared.0C000000-0400-0000-0000-000000000000
2024-08-13 02:34:25.875485 (user/501) <Notice>: removing service: com.apple.mdworker.shared.0C000000-0400-0000-0000-000000000000
2024-08-13 02:34:25.875495 (user/501/com.apple.mdworker.shared.0C000000-0400-0000-0000-000000000000 [92129]) <Notice>: internal event: PETRIFIED, code = 0
2024-08-13 02:34:25.875498 (user/501/com.apple.mdworker.shared.0C000000-0400-0000-0000-000000000000 [92129]) <Notice>: service state: not running
2024-08-13 02:34:25.875536 (pid/92129 [mdworker_shared]) <Notice>: shutting down
2024-08-13 02:34:25.875540 (pid/92129 [mdworker_shared]) <Notice>: cleaning up
2024-08-13 02:34:25.875559 (system) <Notice>: removing child: pid/92129
2024-08-13 02:34:25.876183 (user/501/com.apple.mdworker.shared.10000000-0700-0000-0000-000000000000 [92144]) <Notice>: exited due to exit(0), ran for 14203ms
2024-08-13 02:34:25.876200 (user/501/com.apple.mdworker.shared.10000000-0700-0000-0000-000000000000 [92144]) <Notice>: service state: exited
2024-08-13 02:34:25.876205 (user/501/com.apple.mdworker.shared.10000000-0700-0000-0000-000000000000 [92144]) <Notice>: internal event: EXITED, code = 0
2024-08-13 02:34:25.876207 (user/501) <Notice>: service inactive: com.apple.mdworker.shared.10000000-0700-0000-0000-000000000000
2024-08-13 02:34:25.876208 (user/501) <Notice>: removing service: com.apple.mdworker.shared.10000000-0700-0000-0000-000000000000
2024-08-13 02:34:25.876216 (user/501/com.apple.mdworker.shared.10000000-0700-0000-0000-000000000000 [92144]) <Notice>: internal event: PETRIFIED, code = 0
2024-08-13 02:34:25.876218 (user/501/com.apple.mdworker.shared.10000000-0700-0000-0000-000000000000 [92144]) <Notice>: service state: not running
2024-08-13 02:34:25.876229 (pid/92144 [mdworker_shared]) <Notice>: shutting down
2024-08-13 02:34:25.876233 (pid/92144 [mdworker_shared]) <Notice>: cleaning up
2024-08-13 02:34:25.876249 (system) <Notice>: removing child: pid/92144
2024-08-13 02:34:25.876870 (user/501/com.apple.mdworker.shared.03000000-0200-0000-0000-000000000000 [92148]) <Notice>: exited due to exit(0), ran for 12315ms
2024-08-13 02:34:25.876878 (user/501/com.apple.mdworker.shared.03000000-0200-0000-0000-000000000000 [92148]) <Notice>: service state: exited
2024-08-13 02:34:25.876882 (user/501/com.apple.mdworker.shared.03000000-0200-0000-0000-000000000000 [92148]) <Notice>: internal event: EXITED, code = 0
2024-08-13 02:34:25.876884 (user/501) <Notice>: service inactive: com.apple.mdworker.shared.03000000-0200-0000-0000-000000000000
2024-08-13 02:34:25.876886 (user/501) <Notice>: removing service: com.apple.mdworker.shared.03000000-0200-0000-0000-000000000000
2024-08-13 02:34:25.876894 (user/501/com.apple.mdworker.shared.03000000-0200-0000-0000-000000000000 [92148]) <Notice>: internal event: PETRIFIED, code = 0
2024-08-13 02:34:25.876897 (user/501/com.apple.mdworker.shared.03000000-0200-0000-0000-000000000000 [92148]) <Notice>: service state: not running
2024-08-13 02:34:25.876905 (pid/92148 [mdworker_shared]) <Notice>: shutting down
2024-08-13 02:34:25.876909 (pid/92148 [mdworker_shared]) <Notice>: cleaning up
2024-08-13 02:34:25.876924 (system) <Notice>: removing child: pid/92148
2024-08-13 02:34:25.878189 (user/501/com.apple.mdworker.shared.04000000-0500-0000-0000-000000000000 [92146]) <Notice>: exited due to exit(0), ran for 13515ms
2024-08-13 02:34:25.878197 (user/501/com.apple.mdworker.shared.04000000-0500-0000-0000-000000000000 [92146]) <Notice>: service state: exited
2024-08-13 02:34:25.878201 (user/501/com.apple.mdworker.shared.04000000-0500-0000-0000-000000000000 [92146]) <Notice>: internal event: EXITED, code = 0
2024-08-13 02:34:25.878203 (user/501) <Notice>: service inactive: com.apple.mdworker.shared.04000000-0500-0000-0000-000000000000
2024-08-13 02:34:25.878205 (user/501) <Notice>: removing service: com.apple.mdworker.shared.04000000-0500-0000-0000-000000000000
2024-08-13 02:34:25.878215 (user/501/com.apple.mdworker.shared.04000000-0500-0000-0000-000000000000 [92146]) <Notice>: internal event: PETRIFIED, code = 0
2024-08-13 02:34:25.878218 (user/501/com.apple.mdworker.shared.04000000-0500-0000-0000-000000000000 [92146]) <Notice>: service state: not running
2024-08-13 02:34:25.878228 (pid/92146 [mdworker_shared]) <Notice>: shutting down
2024-08-13 02:34:25.878231 (pid/92146 [mdworker_shared]) <Notice>: cleaning up
2024-08-13 02:34:25.878251 (system) <Notice>: removing child: pid/92146
2024-08-13 02:34:25.879716 (user/501/com.apple.mdworker.shared.0A000000-0200-0000-0000-000000000000 [92145]) <Notice>: exited due to exit(0), ran for 13517ms
2024-08-13 02:34:25.879725 (user/501/com.apple.mdworker.shared.0A000000-0200-0000-0000-000000000000 [92145]) <Notice>: service state: exited
2024-08-13 02:34:25.879729 (user/501/com.apple.mdworker.shared.0A000000-0200-0000-0000-000000000000 [92145]) <Notice>: internal event: EXITED, code = 0
2024-08-13 02:34:25.879731 (user/501) <Notice>: service inactive: com.apple.mdworker.shared.0A000000-0200-0000-0000-000000000000
2024-08-13 02:34:25.879733 (user/501) <Notice>: removing service: com.apple.mdworker.shared.0A000000-0200-0000-0000-000000000000
2024-08-13 02:34:25.879740 (user/501/com.apple.mdworker.shared.0A000000-0200-0000-0000-000000000000 [92145]) <Notice>: internal event: PETRIFIED, code = 0
2024-08-13 02:34:25.879743 (user/501/com.apple.mdworker.shared.0A000000-0200-0000-0000-000000000000 [92145]) <Notice>: service state: not running
2024-08-13 02:34:25.879755 (pid/92145 [mdworker_shared]) <Notice>: shutting down
2024-08-13 02:34:25.879759 (pid/92145 [mdworker_shared]) <Notice>: cleaning up
2024-08-13 02:34:25.879780 (system) <Notice>: removing child: pid/92145
2024-08-13 02:34:25.880693 (user/501/com.apple.mdworker.shared.06000000-0300-0000-0000-000000000000 [92141]) <Notice>: exited due to exit(0), ran for 17725ms
2024-08-13 02:34:25.880702 (user/501/com.apple.mdworker.shared.06000000-0300-0000-0000-000000000000 [92141]) <Notice>: service state: exited
2024-08-13 02:34:25.880706 (user/501/com.apple.mdworker.shared.06000000-0300-0000-0000-000000000000 [92141]) <Notice>: internal event: EXITED, code = 0
2024-08-13 02:34:25.880708 (user/501) <Notice>: service inactive: com.apple.mdworker.shared.06000000-0300-0000-0000-000000000000
2024-08-13 02:34:25.880709 (user/501) <Notice>: removing service: com.apple.mdworker.shared.06000000-0300-0000-0000-000000000000
2024-08-13 02:34:25.880719 (user/501/com.apple.mdworker.shared.06000000-0300-0000-0000-000000000000 [92141]) <Notice>: internal event: PETRIFIED, code = 0
2024-08-13 02:34:25.880722 (user/501/com.apple.mdworker.shared.06000000-0300-0000-0000-000000000000 [92141]) <Notice>: service state: not running
2024-08-13 02:34:25.880868 (pid/92141 [mdworker_shared]) <Notice>: shutting down
2024-08-13 02:34:25.880900 (pid/92141 [mdworker_shared]) <Notice>: cleaning up
2024-08-13 02:34:25.880905 (system) <Notice>: removing child: pid/92141
2024-08-13 02:34:25.882285 (user/501/com.apple.mdworker.shared.09000000-0300-0000-0000-000000000000 [92140]) <Notice>: exited due to exit(0), ran for 26145ms
2024-08-13 02:34:25.882294 (user/501/com.apple.mdworker.shared.09000000-0300-0000-0000-000000000000 [92140]) <Notice>: service state: exited
2024-08-13 02:34:25.882297 (user/501/com.apple.mdworker.shared.09000000-0300-0000-0000-000000000000 [92140]) <Notice>: internal event: EXITED, code = 0
2024-08-13 02:34:25.882299 (user/501) <Notice>: service inactive: com.apple.mdworker.shared.09000000-0300-0000-0000-000000000000
2024-08-13 02:34:25.882300 (user/501) <Notice>: removing service: com.apple.mdworker.shared.09000000-0300-0000-0000-000000000000
2024-08-13 02:34:25.882309 (user/501/com.apple.mdworker.shared.09000000-0300-0000-0000-000000000000 [92140]) <Notice>: internal event: PETRIFIED, code = 0
2024-08-13 02:34:25.882311 (user/501/com.apple.mdworker.shared.09000000-0300-0000-0000-000000000000 [92140]) <Notice>: service state: not running
2024-08-13 02:34:25.882320 (pid/92140 [mdworker_shared]) <Notice>: shutting down
2024-08-13 02:34:25.882324 (pid/92140 [mdworker_shared]) <Notice>: cleaning up
2024-08-13 02:34:25.882341 (system) <Notice>: removing child: pid/92140
2024-08-13 02:34:25.897548 (user/501/com.apple.mdworker.shared.01000000-0600-0000-0000-000000000000 [92267]) <Notice>: exited due to exit(0), ran for 272ms
2024-08-13 02:34:25.897567 (user/501/com.apple.mdworker.shared.01000000-0600-0000-0000-000000000000 [92267]) <Notice>: service state: exited
2024-08-13 02:34:25.897573 (user/501/com.apple.mdworker.shared.01000000-0600-0000-0000-000000000000 [92267]) <Notice>: internal event: EXITED, code = 0
2024-08-13 02:34:25.897576 (user/501) <Notice>: service inactive: com.apple.mdworker.shared.01000000-0600-0000-0000-000000000000
2024-08-13 02:34:25.897577 (user/501) <Notice>: removing service: com.apple.mdworker.shared.01000000-0600-0000-0000-000000000000
2024-08-13 02:34:25.897591 (user/501/com.apple.mdworker.shared.01000000-0600-0000-0000-000000000000 [92267]) <Notice>: internal event: PETRIFIED, code = 0
2024-08-13 02:34:25.897593 (user/501/com.apple.mdworker.shared.01000000-0600-0000-0000-000000000000 [92267]) <Notice>: service state: not running
2024-08-13 02:34:25.897681 (pid/92267 [mdworker_shared]) <Notice>: shutting down
2024-08-13 02:34:25.897689 (pid/92267 [mdworker_shared]) <Notice>: cleaning up
2024-08-13 02:34:25.897695 (system) <Notice>: removing child: pid/92267
2024-08-13 02:34:25.959415 (pid/92284 [diskutil]) <Notice>: shutting down
2024-08-13 02:34:25.959450 (pid/92284 [diskutil]) <Notice>: cleaning up
2024-08-13 02:34:25.959458 (system) <Notice>: removing child: pid/92284
2024-08-13 02:34:25.970406 (pid/92286 [diskutil]) <Notice>: uncorking exec source upfront
2024-08-13 02:34:25.970414 (pid/92286 [diskutil]) <Notice>: created
2024-08-13 02:34:25.970612 (pid/92286 [diskutil]) <Notice>: uncorking domain
2024-08-13 02:34:25.970834 (pid/92286 [diskutil]) <Notice>: Service stub created for com.apple.PerfPowerTelemetryClientRegistrationService
2024-08-13 02:34:25.970849 (pid/92286 [diskutil]) <Notice>: Service stub created for com.apple.appkit.xpc.ColorPickerImageLoader
2024-08-13 02:34:25.970854 (pid/92286 [diskutil]) <Notice>: Service stub created for com.apple.appkit.xpc.defaultSyncService
2024-08-13 02:34:25.970857 (pid/92286 [diskutil]) <Notice>: Service stub created for com.apple.appkit.xpc.documentPopoverViewService
2024-08-13 02:34:25.970859 (pid/92286 [diskutil]) <Notice>: Service stub created for com.apple.appkit.xpc.LegacyExternalColorPickerService.arm64
2024-08-13 02:34:25.970862 (pid/92286 [diskutil]) <Notice>: Service stub created for com.apple.appkit.xpc.LegacyExternalColorPickerService.x86_64
2024-08-13 02:34:25.970864 (pid/92286 [diskutil]) <Notice>: Service stub created for com.apple.MediaLibraryBrowser
2024-08-13 02:34:25.970867 (pid/92286 [diskutil]) <Notice>: Service stub created for com.apple.appkit.xpc.sandboxedServiceRunner
2024-08-13 02:34:25.970869 (pid/92286 [diskutil]) <Notice>: Service stub created for com.apple.appkit.xpc.ThemeWidgetControlViewService
2024-08-13 02:34:25.970871 (pid/92286 [diskutil]) <Notice>: Service stub created for com.apple.xpc.TypographyPanelService
2024-08-13 02:34:25.970873 (pid/92286 [diskutil]) <Notice>: Service stub created for com.apple.automator.xpc.workflowServiceRunner
2024-08-13 02:34:25.970876 (pid/92286 [diskutil]) <Notice>: Service stub created for com.apple.appkit.xpc.VersionsUIHelper
2024-08-13 02:34:25.970879 (pid/92286 [diskutil]) <Notice>: Service stub created for com.apple.appkit.xpc.openAndSavePanelService
2024-08-13 02:34:25.970956 (pid/92286 [diskutil]) <Notice>: Service stub created for com.apple.foundation.UserScriptService
2024-08-13 02:34:25.971038 (pid/92286 [diskutil]) <Notice>: Service stub created for com.apple.ImageIOXPCService
2024-08-13 02:34:25.971044 (pid/92286 [diskutil]) <Notice>: Service stub created for com.apple.CoreGraphics.CGPDFService
2024-08-13 02:34:25.971089 (pid/92286 [diskutil]) <Notice>: Service stub created for com.apple.diskimagescontroller
2024-08-13 02:34:25.971101 (pid/92286 [diskutil]) <Notice>: Service stub created for com.apple.textkit.nsattributedstringagent
2024-08-13 02:34:25.971122 (pid/92286 [diskutil]) <Notice>: Service stub created for com.apple.speech.SpeechSynthesisServerXPC
2024-08-13 02:34:25.971167 (pid/92286 [diskutil]) <Notice>: Service stub created for com.apple.audio.Core-Audio-Driver-Service.helper
2024-08-13 02:34:25.971169 (pid/92286 [diskutil]) <Notice>: Service stub created for com.apple.audio.Core-Audio-Driver-Service
2024-08-13 02:34:25.971171 (pid/92286 [diskutil]) <Notice>: Service stub created for com.apple.audio.DriverHelper
2024-08-13 02:34:25.971177 (pid/92286 [diskutil]) <Notice>: Service stub created for com.apple.extensionkitservice
2024-08-13 02:34:25.971288 (pid/92286 [diskutil]) <Notice>: Service stub created for com.apple.CoreDisplay.XPCService
2024-08-13 02:34:25.971295 (pid/92286 [diskutil]) <Notice>: Service stub created for com.apple.CMValidateMovieDataReferenceService
2024-08-13 02:34:25.971326 (pid/92286 [diskutil]) <Notice>: Service stub created for com.apple.audio.AUHostingService.x86-64
2024-08-13 02:34:25.971328 (pid/92286 [diskutil]) <Notice>: Service stub created for com.apple.audio.AUHostingService.arm64e
2024-08-13 02:34:25.971330 (pid/92286 [diskutil]) <Notice>: Service stub created for com.apple.audio.AudioConverterService
2024-08-13 02:34:25.971333 (pid/92286 [diskutil]) <Notice>: Service stub created for com.apple.audio.CarbonComponentScanner.x86-64
2024-08-13 02:34:25.971337 (pid/92286 [diskutil]) <Notice>: Service stub created for com.apple.audio.ComponentTagHelper
2024-08-13 02:34:25.971340 (pid/92286 [diskutil]) <Notice>: Service stub created for com.apple.audio.InfoHelper
2024-08-13 02:34:25.971341 (pid/92286 [diskutil]) <Notice>: Service stub created for com.apple.audio.SandboxHelper
2024-08-13 02:34:25.971349 (pid/92286 [diskutil]) <Notice>: Service stub created for com.apple.internal.DataDetectorsRemoteScanner
2024-08-13 02:34:25.971371 (pid/92286 [diskutil]) <Notice>: Service stub created for com.apple.OSLogService
2024-08-13 02:34:25.971416 (pid/92286 [diskutil]) <Notice>: Service stub created for com.apple.coremedia.videodecoder
2024-08-13 02:34:25.971419 (pid/92286 [diskutil]) <Notice>: Service stub created for com.apple.coremedia.videodecoder.zonto
2024-08-13 02:34:25.971421 (pid/92286 [diskutil]) <Notice>: Service stub created for com.apple.coremedia.videoencoder
2024-08-13 02:34:25.971423 (pid/92286 [diskutil]) <Notice>: Service stub created for com.apple.coremedia.videoencoder.zonto
2024-08-13 02:34:25.971510 (pid/92286 [diskutil]) <Notice>: Service stub created for com.apple.ColorSyncXPCAgent
2024-08-13 02:34:25.971582 (pid/92286 [diskutil]) <Notice>: Service stub created for com.apple.security.XPCAcmeService
2024-08-13 02:34:25.971635 (pid/92286 [diskutil]) <Notice>: Service stub created for com.apple.MTLCompilerService
2024-08-13 02:34:25.971680 (pid/92286 [diskutil]) <Notice>: Service stub created for com.apple.security.pboxd
2024-08-13 02:34:26.084814 (pid/92286 [diskutil]) <Notice>: shutting down
2024-08-13 02:34:26.084940 (pid/92286 [diskutil]) <Notice>: cleaning up
2024-08-13 02:34:26.084947 (system) <Notice>: removing child: pid/92286
2024-08-13 02:34:26.321226 (user/501/com.apple.mdworker.shared.02000000-0600-0000-0000-000000000000) <Notice>: internal event: WILL_SPAWN, code = 0
2024-08-13 02:34:26.321242 (user/501/com.apple.mdworker.shared.02000000-0600-0000-0000-000000000000) <Notice>: service state: spawn scheduled
2024-08-13 02:34:26.321244 (user/501/com.apple.mdworker.shared.02000000-0600-0000-0000-000000000000) <Notice>: service state: spawning
2024-08-13 02:34:26.321292 (user/501/com.apple.mdworker.shared.02000000-0600-0000-0000-000000000000) <Notice>: launching: ipc (mach)
2024-08-13 02:34:26.321996 (user/501/com.apple.mdworker.shared.02000000-0600-0000-0000-000000000000 [92289]) <Notice>: xpcproxy spawned with pid 92289
2024-08-13 02:34:26.322014 (user/501/com.apple.mdworker.shared.02000000-0600-0000-0000-000000000000 [92289]) <Notice>: internal event: SPAWNED, code = 0
2024-08-13 02:34:26.322016 (user/501/com.apple.mdworker.shared.02000000-0600-0000-0000-000000000000 [92289]) <Notice>: service state: xpcproxy
2024-08-13 02:34:26.322027 (user/501/com.apple.mdworker.shared.02000000-0600-0000-0000-000000000000 [92289]) <Notice>: internal event: SOURCE_ATTACH, code = 0
2024-08-13 02:34:26.328808 (user/501/com.apple.mdworker.shared.02000000-0600-0000-0000-000000000000 [92289]) <Notice>: service state: running
2024-08-13 02:34:26.328820 (user/501/com.apple.mdworker.shared.02000000-0600-0000-0000-000000000000 [92289]) <Notice>: internal event: INIT, code = 0
2024-08-13 02:34:26.328850 (user/501/com.apple.mdworker.shared.02000000-0600-0000-0000-000000000000 [92289]) <Notice>: Successfully spawned mdworker_shared[92289] because ipc (mach)
2024-08-13 02:34:26.333550 (pid/92289 [mdworker_shared]) <Notice>: uncorking exec source upfront
2024-08-13 02:34:26.333567 (pid/92289 [mdworker_shared]) <Notice>: created
2024-08-13 02:34:27.370397 (gui/501 [100005]) <Warning>: denied lookup: name = com.apple.contactsd.persistence, requestor = searchpartyuser[1094], error = 159: Sandbox restriction
2024-08-13 02:34:27.370479 (gui/501 [100005]) <Warning>: denied lookup: name = com.apple.contactsd.persistence, requestor = imagent[620], error = 159: Sandbox restriction
2024-08-13 02:34:27.375396 <Notice>: Last log repeated 1 times
2024-08-13 02:34:27.373562 (gui/501 [100005]) <Warning>: denied lookup: name = com.apple.contactsd.persistence, requestor = searchpartyuser[1094], error = 159: Sandbox restriction
2024-08-13 02:34:29.495154 (system) <Warning>: failed lookup: name = com.apple.AppleLOM.Watchdog, flags = 0x1, requestor = watchdogd[112], error = 3: No such process
2024-08-13 02:34:30.379792 (gui/501 [100005]) <Warning>: denied lookup: name = com.apple.contactsd.persistence, requestor = imagent[620], error = 159: Sandbox restriction
2024-08-13 02:34:30.379943 (gui/501 [100005]) <Warning>: denied lookup: name = com.apple.contactsd.persistence, requestor = searchpartyuser[1094], error = 159: Sandbox restriction
2024-08-13 02:34:30.382119 <Notice>: Last log repeated 1 times
2024-08-13 02:34:30.381245 (gui/501 [100005]) <Warning>: denied lookup: name = com.apple.contactsd.persistence, requestor = imagent[620], error = 159: Sandbox restriction
2024-08-13 02:34:33.385604 (gui/501 [100005]) <Warning>: denied lookup: name = com.apple.contactsd.persistence, requestor = searchpartyuser[1094], error = 159: Sandbox restriction
2024-08-13 02:34:33.387100 <Notice>: Last log repeated 1 times
2024-08-13 02:34:33.387006 (gui/501 [100005]) <Warning>: denied lookup: name = com.apple.contactsd.persistence, requestor = imagent[620], error = 159: Sandbox restriction
2024-08-13 02:34:36.389257 <Notice>: Last log repeated 1 times
2024-08-13 02:34:36.389235 (gui/501 [100005]) <Warning>: denied lookup: name = com.apple.contactsd.persistence, requestor = searchpartyuser[1094], error = 159: Sandbox restriction
2024-08-13 02:34:36.393064 <Notice>: Last log repeated 1 times
2024-08-13 02:34:36.393037 (gui/501 [100005]) <Warning>: denied lookup: name = com.apple.contactsd.persistence, requestor = imagent[620], error = 159: Sandbox restriction
2024-08-13 02:34:38.171382 <Notice>: Last log repeated 1 times
2024-08-13 02:34:38.171360 (user/501/com.apple.mdworker.shared.01000000-0700-0000-0000-000000000000) <Notice>: internal event: WILL_SPAWN, code = 0
2024-08-13 02:34:38.171375 (user/501/com.apple.mdworker.shared.01000000-0700-0000-0000-000000000000) <Notice>: service state: spawn scheduled
2024-08-13 02:34:38.171377 (user/501/com.apple.mdworker.shared.01000000-0700-0000-0000-000000000000) <Notice>: service state: spawning
2024-08-13 02:34:38.171417 (user/501/com.apple.mdworker.shared.01000000-0700-0000-0000-000000000000) <Notice>: launching: ipc (mach)
2024-08-13 02:34:38.174051 (user/501/com.apple.mdworker.shared.01000000-0700-0000-0000-000000000000 [92291]) <Notice>: xpcproxy spawned with pid 92291
2024-08-13 02:34:38.174085 (user/501/com.apple.mdworker.shared.01000000-0700-0000-0000-000000000000 [92291]) <Notice>: internal event: SPAWNED, code = 0
2024-08-13 02:34:38.174089 (user/501/com.apple.mdworker.shared.01000000-0700-0000-0000-000000000000 [92291]) <Notice>: service state: xpcproxy
2024-08-13 02:34:38.174104 (user/501/com.apple.mdworker.shared.01000000-0700-0000-0000-000000000000 [92291]) <Notice>: internal event: SOURCE_ATTACH, code = 0
2024-08-13 02:34:38.174109 (user/501/com.apple.mdworker.shared.0E000000-0500-0000-0000-000000000000) <Notice>: internal event: WILL_SPAWN, code = 0
2024-08-13 02:34:38.174111 (user/501/com.apple.mdworker.shared.0E000000-0500-0000-0000-000000000000) <Notice>: service state: spawn scheduled
2024-08-13 02:34:38.174113 (user/501/com.apple.mdworker.shared.0E000000-0500-0000-0000-000000000000) <Notice>: service state: spawning
2024-08-13 02:34:38.174147 (user/501/com.apple.mdworker.shared.0E000000-0500-0000-0000-000000000000) <Notice>: launching: ipc (mach)
2024-08-13 02:34:38.176265 (user/501/com.apple.mdworker.shared.0E000000-0500-0000-0000-000000000000 [92292]) <Notice>: xpcproxy spawned with pid 92292
2024-08-13 02:34:38.176303 (user/501/com.apple.mdworker.shared.0E000000-0500-0000-0000-000000000000 [92292]) <Notice>: internal event: SPAWNED, code = 0
2024-08-13 02:34:38.176306 (user/501/com.apple.mdworker.shared.0E000000-0500-0000-0000-000000000000 [92292]) <Notice>: service state: xpcproxy
2024-08-13 02:34:38.176327 (user/501/com.apple.mdworker.shared.0E000000-0500-0000-0000-000000000000 [92292]) <Notice>: internal event: SOURCE_ATTACH, code = 0
2024-08-13 02:34:38.186838 (user/501/com.apple.mdworker.shared.0E000000-0500-0000-0000-000000000000 [92292]) <Notice>: service state: running
2024-08-13 02:34:38.186853 (user/501/com.apple.mdworker.shared.0E000000-0500-0000-0000-000000000000 [92292]) <Notice>: internal event: INIT, code = 0
2024-08-13 02:34:38.186888 (user/501/com.apple.mdworker.shared.0E000000-0500-0000-0000-000000000000 [92292]) <Notice>: Successfully spawned mdworker_shared[92292] because ipc (mach)
2024-08-13 02:34:38.186932 (user/501/com.apple.mdworker.shared.01000000-0700-0000-0000-000000000000 [92291]) <Notice>: service state: running
2024-08-13 02:34:38.186935 (user/501/com.apple.mdworker.shared.01000000-0700-0000-0000-000000000000 [92291]) <Notice>: internal event: INIT, code = 0
2024-08-13 02:34:38.186939 (user/501/com.apple.mdworker.shared.01000000-0700-0000-0000-000000000000 [92291]) <Notice>: Successfully spawned mdworker_shared[92291] because ipc (mach)
2024-08-13 02:34:38.194750 (pid/92291 [mdworker_shared]) <Notice>: uncorking exec source upfront
2024-08-13 02:34:38.194773 (pid/92291 [mdworker_shared]) <Notice>: created
2024-08-13 02:34:38.194860 (pid/92292 [mdworker_shared]) <Notice>: uncorking exec source upfront
2024-08-13 02:34:38.194868 (pid/92292 [mdworker_shared]) <Notice>: created
2024-08-13 02:34:39.394427 (gui/501 [100005]) <Warning>: denied lookup: name = com.apple.contactsd.persistence, requestor = imagent[620], error = 159: Sandbox restriction
2024-08-13 02:34:39.396169 <Notice>: Last log repeated 2 times
2024-08-13 02:34:39.395328 (gui/501 [100005]) <Warning>: denied lookup: name = com.apple.contactsd.persistence, requestor = searchpartyuser[1094], error = 159: Sandbox restriction
2024-08-13 02:34:39.395383 (gui/501 [100005]) <Warning>: denied lookup: name = com.apple.contactsd.persistence, requestor = imagent[620], error = 159: Sandbox restriction
2024-08-13 02:34:39.395725 (gui/501 [100005]) <Warning>: denied lookup: name = com.apple.contactsd.persistence, requestor = searchpartyuser[1094], error = 159: Sandbox restriction
2024-08-13 02:34:39.403067 <Notice>: Last log repeated 2 times
2024-08-13 02:34:39.403050 (gui/501 [100005]) <Warning>: denied lookup: name = com.apple.AddressBook.ContactsAccountsService, requestor = imagent[620], error = 159: Sandbox restriction
2024-08-13 02:34:39.403104 (gui/501 [100005]) <Warning>: denied lookup: name = com.apple.AddressBook.ContactsAccountsService, requestor = searchpartyuser[1094], error = 159: Sandbox restriction
2024-08-13 02:34:39.407227 (gui/501 [100005]) <Warning>: denied lookup: name = com.apple.contactsd.persistence, requestor = imagent[620], error = 159: Sandbox restriction
2024-08-13 02:34:39.407284 (gui/501 [100005]) <Warning>: denied lookup: name = com.apple.contactsd.persistence, requestor = searchpartyuser[1094], error = 159: Sandbox restriction
2024-08-13 02:34:39.407513 (gui/501 [100005]) <Warning>: denied lookup: name = com.apple.contactsd.persistence, requestor = imagent[620], error = 159: Sandbox restriction
2024-08-13 02:34:39.407552 (gui/501 [100005]) <Warning>: denied lookup: name = com.apple.contactsd.persistence, requestor = searchpartyuser[1094], error = 159: Sandbox restriction
2024-08-13 02:34:39.407733 (gui/501 [100005]) <Warning>: denied lookup: name = com.apple.contactsd.persistence, requestor = imagent[620], error = 159: Sandbox restriction
2024-08-13 02:34:39.407773 (gui/501 [100005]) <Warning>: denied lookup: name = com.apple.contactsd.persistence, requestor = searchpartyuser[1094], error = 159: Sandbox restriction
2024-08-13 02:34:39.407921 (gui/501 [100005]) <Warning>: denied lookup: name = com.apple.contactsd.persistence, requestor = imagent[620], error = 159: Sandbox restriction
2024-08-13 02:34:39.407954 (gui/501 [100005]) <Warning>: denied lookup: name = com.apple.contactsd.persistence, requestor = searchpartyuser[1094], error = 159: Sandbox restriction
2024-08-13 02:34:39.408430 <Notice>: Last log repeated 1 times
2024-08-13 02:34:39.408415 (gui/501 [100005]) <Warning>: denied lookup: name = com.apple.contactsd.persistence, requestor = imagent[620], error = 159: Sandbox restriction
2024-08-13 02:34:39.408587 (gui/501 [100005]) <Warning>: denied lookup: name = com.apple.contactsd.persistence, requestor = searchpartyuser[1094], error = 159: Sandbox restriction
2024-08-13 02:34:39.408628 (gui/501 [100005]) <Warning>: denied lookup: name = com.apple.contactsd.persistence, requestor = imagent[620], error = 159: Sandbox restriction
2024-08-13 02:34:39.408797 (gui/501 [100005]) <Warning>: denied lookup: name = com.apple.contactsd.persistence, requestor = searchpartyuser[1094], error = 159: Sandbox restriction
2024-08-13 02:34:39.408839 (gui/501 [100005]) <Warning>: denied lookup: name = com.apple.contactsd.persistence, requestor = imagent[620], error = 159: Sandbox restriction
2024-08-13 02:34:39.408966 (gui/501 [100005]) <Warning>: denied lookup: name = com.apple.contactsd.persistence, requestor = searchpartyuser[1094], error = 159: Sandbox restriction
2024-08-13 02:34:39.409004 (gui/501 [100005]) <Warning>: denied lookup: name = com.apple.contactsd.persistence, requestor = imagent[620], error = 159: Sandbox restriction
2024-08-13 02:34:42.409971 (gui/501 [100005]) <Warning>: denied lookup: name = com.apple.contactsd.persistence, requestor = searchpartyuser[1094], error = 159: Sandbox restriction
2024-08-13 02:34:42.412509 <Notice>: Last log repeated 1 times
2024-08-13 02:34:42.412496 (gui/501 [100005]) <Warning>: denied lookup: name = com.apple.contactsd.persistence, requestor = imagent[620], error = 159: Sandbox restriction
2024-08-13 02:34:43.955118 <Notice>: Last log repeated 1 times
2024-08-13 02:34:43.955089 (user/501) <Warning>: failed lookup: name = com.apple.tiswitcher.fromuiserver, flags = 0x1, requestor = CursorUIViewSer[693], error = 3: No such process
2024-08-13 02:34:45.416419 <Notice>: Last log repeated 2 times
2024-08-13 02:34:45.416363 (gui/501 [100005]) <Warning>: denied lookup: name = com.apple.contactsd.persistence, requestor = searchpartyuser[1094], error = 159: Sandbox restriction
2024-08-13 02:34:45.418128 <Notice>: Last log repeated 1 times
2024-08-13 02:34:45.418114 (gui/501 [100005]) <Warning>: denied lookup: name = com.apple.contactsd.persistence, requestor = imagent[620], error = 159: Sandbox restriction
2024-08-13 02:34:45.569435 <Notice>: Last log repeated 1 times
2024-08-13 02:34:45.569414 (user/501/com.apple.mdworker.shared.0B000000-0000-0000-0000-000000000000) <Notice>: internal event: WILL_SPAWN, code = 0
2024-08-13 02:34:45.569429 (user/501/com.apple.mdworker.shared.0B000000-0000-0000-0000-000000000000) <Notice>: service state: spawn scheduled
2024-08-13 02:34:45.569430 (user/501/com.apple.mdworker.shared.0B000000-0000-0000-0000-000000000000) <Notice>: service state: spawning
2024-08-13 02:34:45.569468 (user/501/com.apple.mdworker.shared.0B000000-0000-0000-0000-000000000000) <Notice>: launching: ipc (mach)
2024-08-13 02:34:45.570206 (user/501/com.apple.mdworker.shared.0B000000-0000-0000-0000-000000000000 [92300]) <Notice>: xpcproxy spawned with pid 92300
2024-08-13 02:34:45.570227 (user/501/com.apple.mdworker.shared.0B000000-0000-0000-0000-000000000000 [92300]) <Notice>: internal event: SPAWNED, code = 0
2024-08-13 02:34:45.570230 (user/501/com.apple.mdworker.shared.0B000000-0000-0000-0000-000000000000 [92300]) <Notice>: service state: xpcproxy
2024-08-13 02:34:45.570242 (user/501/com.apple.mdworker.shared.0B000000-0000-0000-0000-000000000000 [92300]) <Notice>: internal event: SOURCE_ATTACH, code = 0
2024-08-13 02:34:45.570247 (user/501/com.apple.mdworker.shared.08000000-0300-0000-0000-000000000000) <Notice>: internal event: WILL_SPAWN, code = 0
2024-08-13 02:34:45.570249 (user/501/com.apple.mdworker.shared.08000000-0300-0000-0000-000000000000) <Notice>: service state: spawn scheduled
2024-08-13 02:34:45.570251 (user/501/com.apple.mdworker.shared.08000000-0300-0000-0000-000000000000) <Notice>: service state: spawning
2024-08-13 02:34:45.570284 (user/501/com.apple.mdworker.shared.08000000-0300-0000-0000-000000000000) <Notice>: launching: ipc (mach)
2024-08-13 02:34:45.572184 (user/501/com.apple.mdworker.shared.08000000-0300-0000-0000-000000000000 [92301]) <Notice>: xpcproxy spawned with pid 92301
2024-08-13 02:34:45.572213 (user/501/com.apple.mdworker.shared.08000000-0300-0000-0000-000000000000 [92301]) <Notice>: internal event: SPAWNED, code = 0
2024-08-13 02:34:45.572227 (user/501/com.apple.mdworker.shared.08000000-0300-0000-0000-000000000000 [92301]) <Notice>: service state: xpcproxy
2024-08-13 02:34:45.572241 (user/501/com.apple.mdworker.shared.08000000-0300-0000-0000-000000000000 [92301]) <Notice>: internal event: SOURCE_ATTACH, code = 0
2024-08-13 02:34:45.586490 (user/501/com.apple.mdworker.shared.0B000000-0000-0000-0000-000000000000 [92300]) <Notice>: service state: running
2024-08-13 02:34:45.586503 (user/501/com.apple.mdworker.shared.0B000000-0000-0000-0000-000000000000 [92300]) <Notice>: internal event: INIT, code = 0
2024-08-13 02:34:45.586540 (user/501/com.apple.mdworker.shared.0B000000-0000-0000-0000-000000000000 [92300]) <Notice>: Successfully spawned mdworker_shared[92300] because ipc (mach)
2024-08-13 02:34:45.586558 (user/501/com.apple.mdworker.shared.08000000-0300-0000-0000-000000000000 [92301]) <Notice>: service state: running
2024-08-13 02:34:45.586561 (user/501/com.apple.mdworker.shared.08000000-0300-0000-0000-000000000000 [92301]) <Notice>: internal event: INIT, code = 0
2024-08-13 02:34:45.586566 (user/501/com.apple.mdworker.shared.08000000-0300-0000-0000-000000000000 [92301]) <Notice>: Successfully spawned mdworker_shared[92301] because ipc (mach)
2024-08-13 02:34:45.591850 (pid/92301 [mdworker_shared]) <Notice>: uncorking exec source upfront
2024-08-13 02:34:45.591881 (pid/92301 [mdworker_shared]) <Notice>: created
2024-08-13 02:34:45.591946 (pid/92300 [mdworker_shared]) <Notice>: uncorking exec source upfront
2024-08-13 02:34:45.591953 (pid/92300 [mdworker_shared]) <Notice>: created
2024-08-13 02:34:46.768440 (user/501) <Warning>: failed lookup: name = com.apple.tiswitcher.fromuiserver, flags = 0x1, requestor = CursorUIViewSer[693], error = 3: No such process
2024-08-13 02:34:48.420829 (gui/501 [100005]) <Warning>: denied lookup: name = com.apple.contactsd.persistence, requestor = searchpartyuser[1094], error = 159: Sandbox restriction
2024-08-13 02:34:48.422924 <Notice>: Last log repeated 1 times
2024-08-13 02:34:48.422905 (gui/501 [100005]) <Warning>: denied lookup: name = com.apple.contactsd.persistence, requestor = imagent[620], error = 159: Sandbox restriction
2024-08-13 02:34:51.426308 <Notice>: Last log repeated 1 times
2024-08-13 02:34:51.426274 (gui/501 [100005]) <Warning>: denied lookup: name = com.apple.contactsd.persistence, requestor = searchpartyuser[1094], error = 159: Sandbox restriction
2024-08-13 02:34:51.427564 <Notice>: Last log repeated 1 times
2024-08-13 02:34:51.427548 (gui/501 [100005]) <Warning>: denied lookup: name = com.apple.contactsd.persistence, requestor = imagent[620], error = 159: Sandbox restriction
2024-08-13 02:34:53.492603 <Notice>: Last log repeated 1 times
2024-08-13 02:34:53.492577 (user/501/com.apple.mdworker.shared.0D000000-0300-0000-0000-000000000000) <Notice>: internal event: WILL_SPAWN, code = 0
2024-08-13 02:34:53.492596 (user/501/com.apple.mdworker.shared.0D000000-0300-0000-0000-000000000000) <Notice>: service state: spawn scheduled
2024-08-13 02:34:53.492598 (user/501/com.apple.mdworker.shared.0D000000-0300-0000-0000-000000000000) <Notice>: service state: spawning
2024-08-13 02:34:53.492668 (user/501/com.apple.mdworker.shared.0D000000-0300-0000-0000-000000000000) <Notice>: launching: ipc (mach)
2024-08-13 02:34:53.493894 (user/501/com.apple.mdworker.shared.0D000000-0300-0000-0000-000000000000 [92311]) <Notice>: xpcproxy spawned with pid 92311
2024-08-13 02:34:53.493924 (user/501/com.apple.mdworker.shared.0D000000-0300-0000-0000-000000000000 [92311]) <Notice>: internal event: SPAWNED, code = 0
2024-08-13 02:34:53.493931 (user/501/com.apple.mdworker.shared.0D000000-0300-0000-0000-000000000000 [92311]) <Notice>: service state: xpcproxy
2024-08-13 02:34:53.493952 (user/501/com.apple.mdworker.shared.0D000000-0300-0000-0000-000000000000 [92311]) <Notice>: internal event: SOURCE_ATTACH, code = 0
2024-08-13 02:34:53.502165 (user/501/com.apple.mdworker.shared.0D000000-0300-0000-0000-000000000000 [92311]) <Notice>: service state: running
2024-08-13 02:34:53.502177 (user/501/com.apple.mdworker.shared.0D000000-0300-0000-0000-000000000000 [92311]) <Notice>: internal event: INIT, code = 0
2024-08-13 02:34:53.502273 (user/501/com.apple.mdworker.shared.0D000000-0300-0000-0000-000000000000 [92311]) <Notice>: Successfully spawned mdworker_shared[92311] because ipc (mach)
2024-08-13 02:34:53.509501 (pid/92311 [mdworker_shared]) <Notice>: uncorking exec source upfront
2024-08-13 02:34:53.509561 (pid/92311 [mdworker_shared]) <Notice>: created
2024-08-13 02:34:54.430820 (gui/501 [100005]) <Warning>: denied lookup: name = com.apple.contactsd.persistence, requestor = searchpartyuser[1094], error = 159: Sandbox restriction
2024-08-13 02:34:54.432748 <Notice>: Last log repeated 1 times
2024-08-13 02:34:54.432718 (gui/501 [100005]) <Warning>: denied lookup: name = com.apple.contactsd.persistence, requestor = imagent[620], error = 159: Sandbox restriction
2024-08-13 02:34:56.370909 <Notice>: Last log repeated 1 times
2024-08-13 02:34:56.370855 (user/501/com.apple.mdworker.shared.0F000000-0100-0000-0000-000000000000) <Notice>: internal event: WILL_SPAWN, code = 0
2024-08-13 02:34:56.370870 (user/501/com.apple.mdworker.shared.0F000000-0100-0000-0000-000000000000) <Notice>: service state: spawn scheduled
2024-08-13 02:34:56.370872 (user/501/com.apple.mdworker.shared.0F000000-0100-0000-0000-000000000000) <Notice>: service state: spawning
2024-08-13 02:34:56.370922 (user/501/com.apple.mdworker.shared.0F000000-0100-0000-0000-000000000000) <Notice>: launching: ipc (mach)
2024-08-13 02:34:56.371930 (user/501/com.apple.mdworker.shared.0F000000-0100-0000-0000-000000000000 [92312]) <Notice>: xpcproxy spawned with pid 92312
2024-08-13 02:34:56.371944 (user/501/com.apple.mdworker.shared.0F000000-0100-0000-0000-000000000000 [92312]) <Notice>: internal event: SPAWNED, code = 0
2024-08-13 02:34:56.371947 (user/501/com.apple.mdworker.shared.0F000000-0100-0000-0000-000000000000 [92312]) <Notice>: service state: xpcproxy
2024-08-13 02:34:56.372176 (user/501/com.apple.mdworker.shared.0F000000-0100-0000-0000-000000000000 [92312]) <Notice>: internal event: SOURCE_ATTACH, code = 0
2024-08-13 02:34:56.372180 (user/501/com.apple.mdworker.shared.0C000000-0500-0000-0000-000000000000) <Notice>: internal event: WILL_SPAWN, code = 0
2024-08-13 02:34:56.372182 (user/501/com.apple.mdworker.shared.0C000000-0500-0000-0000-000000000000) <Notice>: service state: spawn scheduled
2024-08-13 02:34:56.372184 (user/501/com.apple.mdworker.shared.0C000000-0500-0000-0000-000000000000) <Notice>: service state: spawning
2024-08-13 02:34:56.372209 (user/501/com.apple.mdworker.shared.0C000000-0500-0000-0000-000000000000) <Notice>: launching: ipc (mach)
2024-08-13 02:34:56.373716 (user/501/com.apple.mdworker.shared.0C000000-0500-0000-0000-000000000000 [92313]) <Notice>: xpcproxy spawned with pid 92313
2024-08-13 02:34:56.373736 (user/501/com.apple.mdworker.shared.0C000000-0500-0000-0000-000000000000 [92313]) <Notice>: internal event: SPAWNED, code = 0
2024-08-13 02:34:56.373738 (user/501/com.apple.mdworker.shared.0C000000-0500-0000-0000-000000000000 [92313]) <Notice>: service state: xpcproxy
2024-08-13 02:34:56.373747 (user/501/com.apple.mdworker.shared.05000000-0700-0000-0000-000000000000) <Notice>: internal event: WILL_SPAWN, code = 0
2024-08-13 02:34:56.373749 (user/501/com.apple.mdworker.shared.05000000-0700-0000-0000-000000000000) <Notice>: service state: spawn scheduled
2024-08-13 02:34:56.373751 (user/501/com.apple.mdworker.shared.05000000-0700-0000-0000-000000000000) <Notice>: service state: spawning
2024-08-13 02:34:56.373797 (user/501/com.apple.mdworker.shared.05000000-0700-0000-0000-000000000000) <Notice>: launching: ipc (mach)
2024-08-13 02:34:56.374579 (user/501/com.apple.mdworker.shared.05000000-0700-0000-0000-000000000000 [92314]) <Notice>: xpcproxy spawned with pid 92314
2024-08-13 02:34:56.374601 (user/501/com.apple.mdworker.shared.05000000-0700-0000-0000-000000000000 [92314]) <Notice>: internal event: SPAWNED, code = 0
2024-08-13 02:34:56.374603 (user/501/com.apple.mdworker.shared.05000000-0700-0000-0000-000000000000 [92314]) <Notice>: service state: xpcproxy
2024-08-13 02:34:56.374613 (user/501/com.apple.mdworker.shared.06000000-0400-0000-0000-000000000000) <Notice>: internal event: WILL_SPAWN, code = 0
2024-08-13 02:34:56.374614 (user/501/com.apple.mdworker.shared.06000000-0400-0000-0000-000000000000) <Notice>: service state: spawn scheduled
2024-08-13 02:34:56.374616 (user/501/com.apple.mdworker.shared.06000000-0400-0000-0000-000000000000) <Notice>: service state: spawning
2024-08-13 02:34:56.374643 (user/501/com.apple.mdworker.shared.06000000-0400-0000-0000-000000000000) <Notice>: launching: ipc (mach)
2024-08-13 02:34:56.375041 (user/501/com.apple.mdworker.shared.06000000-0400-0000-0000-000000000000 [92315]) <Notice>: xpcproxy spawned with pid 92315
2024-08-13 02:34:56.375057 (user/501/com.apple.mdworker.shared.06000000-0400-0000-0000-000000000000 [92315]) <Notice>: internal event: SPAWNED, code = 0
2024-08-13 02:34:56.375059 (user/501/com.apple.mdworker.shared.06000000-0400-0000-0000-000000000000 [92315]) <Notice>: service state: xpcproxy
2024-08-13 02:34:56.375066 (user/501/com.apple.mdworker.shared.0C000000-0500-0000-0000-000000000000 [92313]) <Notice>: internal event: SOURCE_ATTACH, code = 0
2024-08-13 02:34:56.375069 (user/501/com.apple.mdworker.shared.05000000-0700-0000-0000-000000000000 [92314]) <Notice>: internal event: SOURCE_ATTACH, code = 0
2024-08-13 02:34:56.375072 (user/501/com.apple.mdworker.shared.09000000-0400-0000-0000-000000000000) <Notice>: internal event: WILL_SPAWN, code = 0
2024-08-13 02:34:56.375074 (user/501/com.apple.mdworker.shared.09000000-0400-0000-0000-000000000000) <Notice>: service state: spawn scheduled
2024-08-13 02:34:56.375091 (user/501/com.apple.mdworker.shared.09000000-0400-0000-0000-000000000000) <Notice>: service state: spawning
2024-08-13 02:34:56.375115 (user/501/com.apple.mdworker.shared.09000000-0400-0000-0000-000000000000) <Notice>: launching: ipc (mach)
2024-08-13 02:34:56.376462 (user/501/com.apple.mdworker.shared.09000000-0400-0000-0000-000000000000 [92316]) <Notice>: xpcproxy spawned with pid 92316
2024-08-13 02:34:56.376488 (user/501/com.apple.mdworker.shared.09000000-0400-0000-0000-000000000000 [92316]) <Notice>: internal event: SPAWNED, code = 0
2024-08-13 02:34:56.376490 (user/501/com.apple.mdworker.shared.09000000-0400-0000-0000-000000000000 [92316]) <Notice>: service state: xpcproxy
2024-08-13 02:34:56.376515 (user/501/com.apple.mdworker.shared.06000000-0400-0000-0000-000000000000 [92315]) <Notice>: internal event: SOURCE_ATTACH, code = 0
2024-08-13 02:34:56.376518 (user/501/com.apple.mdworker.shared.09000000-0400-0000-0000-000000000000 [92316]) <Notice>: internal event: SOURCE_ATTACH, code = 0
2024-08-13 02:34:56.380258 (user/501/com.apple.mdworker.shared.0C000000-0500-0000-0000-000000000000 [92313]) <Notice>: service state: running
2024-08-13 02:34:56.380272 (user/501/com.apple.mdworker.shared.0C000000-0500-0000-0000-000000000000 [92313]) <Notice>: internal event: INIT, code = 0
2024-08-13 02:34:56.380301 (user/501/com.apple.mdworker.shared.0C000000-0500-0000-0000-000000000000 [92313]) <Notice>: Successfully spawned mdworker_shared[92313] because ipc (mach)
2024-08-13 02:34:56.380357 (user/501/com.apple.mdworker.shared.05000000-0700-0000-0000-000000000000 [92314]) <Notice>: service state: running
2024-08-13 02:34:56.380361 (user/501/com.apple.mdworker.shared.05000000-0700-0000-0000-000000000000 [92314]) <Notice>: internal event: INIT, code = 0
2024-08-13 02:34:56.380368 (user/501/com.apple.mdworker.shared.05000000-0700-0000-0000-000000000000 [92314]) <Notice>: Successfully spawned mdworker_shared[92314] because ipc (mach)
2024-08-13 02:34:56.381045 (user/501/com.apple.mdworker.shared.0F000000-0100-0000-0000-000000000000 [92312]) <Notice>: service state: running
2024-08-13 02:34:56.381050 (user/501/com.apple.mdworker.shared.0F000000-0100-0000-0000-000000000000 [92312]) <Notice>: internal event: INIT, code = 0
2024-08-13 02:34:56.381063 (user/501/com.apple.mdworker.shared.0F000000-0100-0000-0000-000000000000 [92312]) <Notice>: Successfully spawned mdworker_shared[92312] because ipc (mach)
2024-08-13 02:34:56.381371 (user/501/com.apple.mdworker.shared.06000000-0400-0000-0000-000000000000 [92315]) <Notice>: service state: running
2024-08-13 02:34:56.381380 (user/501/com.apple.mdworker.shared.06000000-0400-0000-0000-000000000000 [92315]) <Notice>: internal event: INIT, code = 0
2024-08-13 02:34:56.381396 (user/501/com.apple.mdworker.shared.06000000-0400-0000-0000-000000000000 [92315]) <Notice>: Successfully spawned mdworker_shared[92315] because ipc (mach)
2024-08-13 02:34:56.386049 (pid/92314 [mdworker_shared]) <Notice>: uncorking exec source upfront
2024-08-13 02:34:56.386062 (pid/92314 [mdworker_shared]) <Notice>: created
2024-08-13 02:34:56.386159 (pid/92313 [mdworker_shared]) <Notice>: uncorking exec source upfront
2024-08-13 02:34:56.386169 (pid/92313 [mdworker_shared]) <Notice>: created
2024-08-13 02:34:56.386842 (pid/92315 [mdworker_shared]) <Notice>: uncorking exec source upfront
2024-08-13 02:34:56.386853 (pid/92315 [mdworker_shared]) <Notice>: created
2024-08-13 02:34:56.387002 (pid/92312 [mdworker_shared]) <Notice>: uncorking exec source upfront
2024-08-13 02:34:56.387013 (pid/92312 [mdworker_shared]) <Notice>: created
2024-08-13 02:34:56.387569 (user/501/com.apple.mdworker.shared.09000000-0400-0000-0000-000000000000 [92316]) <Notice>: service state: running
2024-08-13 02:34:56.387575 (user/501/com.apple.mdworker.shared.09000000-0400-0000-0000-000000000000 [92316]) <Notice>: internal event: INIT, code = 0
2024-08-13 02:34:56.387590 (user/501/com.apple.mdworker.shared.09000000-0400-0000-0000-000000000000 [92316]) <Notice>: Successfully spawned mdworker_shared[92316] because ipc (mach)
2024-08-13 02:34:56.392138 (pid/92316 [mdworker_shared]) <Notice>: uncorking exec source upfront
2024-08-13 02:34:56.392149 (pid/92316 [mdworker_shared]) <Notice>: created
2024-08-13 02:34:56.396231 <Notice>: Flushed 25 logs [limit: 20]
2024-08-13 02:34:57.436921 (gui/501 [100005]) <Warning>: denied lookup: name = com.apple.contactsd.persistence, requestor = searchpartyuser[1094], error = 159: Sandbox restriction
2024-08-13 02:34:57.437002 (gui/501 [100005]) <Warning>: denied lookup: name = com.apple.contactsd.persistence, requestor = imagent[620], error = 159: Sandbox restriction
2024-08-13 02:34:57.437919 <Notice>: Last log repeated 1 times
2024-08-13 02:34:57.437570 (gui/501 [100005]) <Warning>: denied lookup: name = com.apple.contactsd.persistence, requestor = searchpartyuser[1094], error = 159: Sandbox restriction
2024-08-13 02:34:58.287002 (user/501/com.apple.mdworker.shared.10000000-0000-0000-0000-000000000000) <Notice>: internal event: WILL_SPAWN, code = 0
2024-08-13 02:34:58.287020 (user/501/com.apple.mdworker.shared.10000000-0000-0000-0000-000000000000) <Notice>: service state: spawn scheduled
2024-08-13 02:34:58.287022 (user/501/com.apple.mdworker.shared.10000000-0000-0000-0000-000000000000) <Notice>: service state: spawning
2024-08-13 02:34:58.287079 (user/501/com.apple.mdworker.shared.10000000-0000-0000-0000-000000000000) <Notice>: launching: ipc (mach)
2024-08-13 02:34:58.288734 (user/501/com.apple.mdworker.shared.10000000-0000-0000-0000-000000000000 [92317]) <Notice>: xpcproxy spawned with pid 92317
2024-08-13 02:34:58.288768 (user/501/com.apple.mdworker.shared.10000000-0000-0000-0000-000000000000 [92317]) <Notice>: internal event: SPAWNED, code = 0
2024-08-13 02:34:58.288774 (user/501/com.apple.mdworker.shared.10000000-0000-0000-0000-000000000000 [92317]) <Notice>: service state: xpcproxy
2024-08-13 02:34:58.288795 (user/501/com.apple.mdworker.shared.10000000-0000-0000-0000-000000000000 [92317]) <Notice>: internal event: SOURCE_ATTACH, code = 0
2024-08-13 02:34:58.298042 (user/501/com.apple.mdworker.shared.10000000-0000-0000-0000-000000000000 [92317]) <Notice>: service state: running
2024-08-13 02:34:58.298058 (user/501/com.apple.mdworker.shared.10000000-0000-0000-0000-000000000000 [92317]) <Notice>: internal event: INIT, code = 0
2024-08-13 02:34:58.298099 (user/501/com.apple.mdworker.shared.10000000-0000-0000-0000-000000000000 [92317]) <Notice>: Successfully spawned mdworker_shared[92317] because ipc (mach)
2024-08-13 02:34:58.303213 (pid/92317 [mdworker_shared]) <Notice>: uncorking exec source upfront
2024-08-13 02:34:58.303236 (pid/92317 [mdworker_shared]) <Notice>: created
2024-08-13 02:34:59.495656 (system) <Warning>: failed lookup: name = com.apple.AppleLOM.Watchdog, flags = 0x1, requestor = watchdogd[112], error = 3: No such process
2024-08-13 02:34:59.866229 (user/501/com.apple.mdworker.shared.04000000-0600-0000-0000-000000000000) <Notice>: internal event: WILL_SPAWN, code = 0
2024-08-13 02:34:59.866248 (user/501/com.apple.mdworker.shared.04000000-0600-0000-0000-000000000000) <Notice>: service state: spawn scheduled
2024-08-13 02:34:59.866251 (user/501/com.apple.mdworker.shared.04000000-0600-0000-0000-000000000000) <Notice>: service state: spawning
2024-08-13 02:34:59.866294 (user/501/com.apple.mdworker.shared.04000000-0600-0000-0000-000000000000) <Notice>: launching: ipc (mach)
2024-08-13 02:34:59.867644 (user/501/com.apple.mdworker.shared.04000000-0600-0000-0000-000000000000 [92318]) <Notice>: xpcproxy spawned with pid 92318
2024-08-13 02:34:59.867676 (user/501/com.apple.mdworker.shared.04000000-0600-0000-0000-000000000000 [92318]) <Notice>: internal event: SPAWNED, code = 0
2024-08-13 02:34:59.867680 (user/501/com.apple.mdworker.shared.04000000-0600-0000-0000-000000000000 [92318]) <Notice>: service state: xpcproxy
2024-08-13 02:34:59.867693 (user/501/com.apple.mdworker.shared.04000000-0600-0000-0000-000000000000 [92318]) <Notice>: internal event: SOURCE_ATTACH, code = 0
2024-08-13 02:34:59.873913 (user/501/com.apple.mdworker.shared.04000000-0600-0000-0000-000000000000 [92318]) <Notice>: service state: running
2024-08-13 02:34:59.873923 (user/501/com.apple.mdworker.shared.04000000-0600-0000-0000-000000000000 [92318]) <Notice>: internal event: INIT, code = 0
2024-08-13 02:34:59.873957 (user/501/com.apple.mdworker.shared.04000000-0600-0000-0000-000000000000 [92318]) <Notice>: Successfully spawned mdworker_shared[92318] because ipc (mach)
2024-08-13 02:34:59.878648 (pid/92318 [mdworker_shared]) <Notice>: uncorking exec source upfront
2024-08-13 02:34:59.878666 (pid/92318 [mdworker_shared]) <Notice>: created
2024-08-13 02:35:00.443293 (gui/501 [100005]) <Warning>: denied lookup: name = com.apple.contactsd.persistence, requestor = imagent[620], error = 159: Sandbox restriction
2024-08-13 02:35:00.443402 (gui/501 [100005]) <Warning>: denied lookup: name = com.apple.contactsd.persistence, requestor = searchpartyuser[1094], error = 159: Sandbox restriction
2024-08-13 02:35:00.443802 (gui/501 [100005]) <Warning>: denied lookup: name = com.apple.contactsd.persistence, requestor = imagent[620], error = 159: Sandbox restriction
2024-08-13 02:35:00.443885 (gui/501 [100005]) <Warning>: denied lookup: name = com.apple.contactsd.persistence, requestor = searchpartyuser[1094], error = 159: Sandbox restriction
2024-08-13 02:35:00.444243 (gui/501 [100005]) <Warning>: denied lookup: name = com.apple.contactsd.persistence, requestor = imagent[620], error = 159: Sandbox restriction
2024-08-13 02:35:00.444333 (gui/501 [100005]) <Warning>: denied lookup: name = com.apple.contactsd.persistence, requestor = searchpartyuser[1094], error = 159: Sandbox restriction
2024-08-13 02:35:00.444634 (gui/501 [100005]) <Warning>: denied lookup: name = com.apple.contactsd.persistence, requestor = imagent[620], error = 159: Sandbox restriction
2024-08-13 02:35:00.444700 (gui/501 [100005]) <Warning>: denied lookup: name = com.apple.contactsd.persistence, requestor = searchpartyuser[1094], error = 159: Sandbox restriction
2024-08-13 02:35:00.446019 (gui/501 [100005]) <Warning>: denied lookup: name = com.apple.AddressBook.ContactsAccountsService, requestor = imagent[620], error = 159: Sandbox restriction
2024-08-13 02:35:00.446110 (gui/501 [100005]) <Warning>: denied lookup: name = com.apple.AddressBook.ContactsAccountsService, requestor = searchpartyuser[1094], error = 159: Sandbox restriction
2024-08-13 02:35:00.449948 (gui/501 [100005]) <Warning>: denied lookup: name = com.apple.contactsd.persistence, requestor = imagent[620], error = 159: Sandbox restriction
2024-08-13 02:35:00.450006 (gui/501 [100005]) <Warning>: denied lookup: name = com.apple.contactsd.persistence, requestor = searchpartyuser[1094], error = 159: Sandbox restriction
2024-08-13 02:35:00.451100 <Notice>: Last log repeated 1 times
2024-08-13 02:35:00.450275 (gui/501 [100005]) <Warning>: denied lookup: name = com.apple.contactsd.persistence, requestor = imagent[620], error = 159: Sandbox restriction
2024-08-13 02:35:00.450456 (gui/501 [100005]) <Warning>: denied lookup: name = com.apple.contactsd.persistence, requestor = searchpartyuser[1094], error = 159: Sandbox restriction
2024-08-13 02:35:00.450517 (gui/501 [100005]) <Warning>: denied lookup: name = com.apple.contactsd.persistence, requestor = imagent[620], error = 159: Sandbox restriction
2024-08-13 02:35:00.450818 (gui/501 [100005]) <Warning>: denied lookup: name = com.apple.contactsd.persistence, requestor = searchpartyuser[1094], error = 159: Sandbox restriction
2024-08-13 02:35:00.450895 (gui/501 [100005]) <Warning>: denied lookup: name = com.apple.contactsd.persistence, requestor = imagent[620], error = 159: Sandbox restriction
2024-08-13 02:35:00.451302 (gui/501 [100005]) <Warning>: denied lookup: name = com.apple.contactsd.persistence, requestor = searchpartyuser[1094], error = 159: Sandbox restriction
2024-08-13 02:35:00.451344 (gui/501 [100005]) <Warning>: denied lookup: name = com.apple.contactsd.persistence, requestor = imagent[620], error = 159: Sandbox restriction
2024-08-13 02:35:00.451515 (gui/501 [100005]) <Warning>: denied lookup: name = com.apple.contactsd.persistence, requestor = searchpartyuser[1094], error = 159: Sandbox restriction
2024-08-13 02:35:00.451550 (gui/501 [100005]) <Warning>: denied lookup: name = com.apple.contactsd.persistence, requestor = imagent[620], error = 159: Sandbox restriction
2024-08-13 02:35:00.451740 (gui/501 [100005]) <Warning>: denied lookup: name = com.apple.contactsd.persistence, requestor = searchpartyuser[1094], error = 159: Sandbox restriction
2024-08-13 02:35:00.451774 (gui/501 [100005]) <Warning>: denied lookup: name = com.apple.contactsd.persistence, requestor = imagent[620], error = 159: Sandbox restriction
2024-08-13 02:35:00.451913 (gui/501 [100005]) <Warning>: denied lookup: name = com.apple.contactsd.persistence, requestor = searchpartyuser[1094], error = 159: Sandbox restriction
2024-08-13 02:35:00.451945 (gui/501 [100005]) <Warning>: denied lookup: name = com.apple.contactsd.persistence, requestor = imagent[620], error = 159: Sandbox restriction
2024-08-13 02:35:03.456047 <Notice>: Last log repeated 1 times
2024-08-13 02:35:03.456027 (gui/501 [100005]) <Warning>: denied lookup: name = com.apple.contactsd.persistence, requestor = searchpartyuser[1094], error = 159: Sandbox restriction
2024-08-13 02:35:03.456242 (gui/501 [100005]) <Warning>: denied lookup: name = com.apple.contactsd.persistence, requestor = imagent[620], error = 159: Sandbox restriction
2024-08-13 02:35:03.456279 (gui/501 [100005]) <Warning>: denied lookup: name = com.apple.contactsd.persistence, requestor = searchpartyuser[1094], error = 159: Sandbox restriction
2024-08-13 02:35:06.461737 <Notice>: Last log repeated 2 times
2024-08-13 02:35:06.461652 (gui/501 [100005]) <Warning>: denied lookup: name = com.apple.contactsd.persistence, requestor = imagent[620], error = 159: Sandbox restriction
2024-08-13 02:35:09.464836 <Notice>: Last log repeated 1 times
2024-08-13 02:35:09.464784 (gui/501 [100005]) <Warning>: denied lookup: name = com.apple.contactsd.persistence, requestor = searchpartyuser[1094], error = 159: Sandbox restriction
2024-08-13 02:35:09.466612 <Notice>: Last log repeated 1 times
2024-08-13 02:35:09.465461 (gui/501 [100005]) <Warning>: denied lookup: name = com.apple.contactsd.persistence, requestor = imagent[620], error = 159: Sandbox restriction
2024-08-13 02:35:12.469027 <Notice>: Last log repeated 2 times
2024-08-13 02:35:12.469009 (gui/501 [100005]) <Warning>: denied lookup: name = com.apple.contactsd.persistence, requestor = searchpartyuser[1094], error = 159: Sandbox restriction
2024-08-13 02:35:12.469240 (gui/501 [100005]) <Warning>: denied lookup: name = com.apple.contactsd.persistence, requestor = imagent[620], error = 159: Sandbox restriction
2024-08-13 02:35:12.469274 (gui/501 [100005]) <Warning>: denied lookup: name = com.apple.contactsd.persistence, requestor = searchpartyuser[1094], error = 159: Sandbox restriction
2024-08-13 02:35:14.117488 (user/501/com.apple.mdworker.shared.04000000-0600-0000-0000-000000000000 [92318]) <Notice>: exited due to SIGKILL | sent by mds[116], ran for 14249ms
2024-08-13 02:35:14.117503 (user/501/com.apple.mdworker.shared.04000000-0600-0000-0000-000000000000 [92318]) <Notice>: service state: exited
2024-08-13 02:35:14.117528 (user/501/com.apple.mdworker.shared.04000000-0600-0000-0000-000000000000 [92318]) <Notice>: internal event: EXITED, code = 0
2024-08-13 02:35:14.117531 (user/501) <Notice>: service inactive: com.apple.mdworker.shared.04000000-0600-0000-0000-000000000000
2024-08-13 02:35:14.117537 (user/501) <Notice>: removing service: com.apple.mdworker.shared.04000000-0600-0000-0000-000000000000
2024-08-13 02:35:14.117556 (user/501/com.apple.mdworker.shared.04000000-0600-0000-0000-000000000000 [92318]) <Notice>: internal event: PETRIFIED, code = 0
2024-08-13 02:35:14.117559 (user/501/com.apple.mdworker.shared.04000000-0600-0000-0000-000000000000 [92318]) <Notice>: service state: not running
2024-08-13 02:35:14.117571 (pid/92318 [mdworker_shared]) <Notice>: shutting down
2024-08-13 02:35:14.117576 (pid/92318 [mdworker_shared]) <Notice>: cleaning up
2024-08-13 02:35:14.117619 (system) <Notice>: removing child: pid/92318
2024-08-13 02:35:14.710468 (user/501/com.apple.mdworker.shared.04000000-0700-0000-0000-000000000000) <Notice>: internal event: WILL_SPAWN, code = 0
2024-08-13 02:35:14.710480 (user/501/com.apple.mdworker.shared.04000000-0700-0000-0000-000000000000) <Notice>: service state: spawn scheduled
2024-08-13 02:35:14.710482 (user/501/com.apple.mdworker.shared.04000000-0700-0000-0000-000000000000) <Notice>: service state: spawning
2024-08-13 02:35:14.710512 (user/501/com.apple.mdworker.shared.04000000-0700-0000-0000-000000000000) <Notice>: launching: ipc (mach)
2024-08-13 02:35:14.713005 (user/501/com.apple.mdworker.shared.04000000-0700-0000-0000-000000000000 [92319]) <Notice>: xpcproxy spawned with pid 92319
2024-08-13 02:35:14.713019 (user/501/com.apple.mdworker.shared.04000000-0700-0000-0000-000000000000 [92319]) <Notice>: internal event: SPAWNED, code = 0
2024-08-13 02:35:14.713022 (user/501/com.apple.mdworker.shared.04000000-0700-0000-0000-000000000000 [92319]) <Notice>: service state: xpcproxy
2024-08-13 02:35:14.713031 (user/501/com.apple.mdworker.shared.04000000-0700-0000-0000-000000000000 [92319]) <Notice>: internal event: SOURCE_ATTACH, code = 0
2024-08-13 02:35:14.724932 (user/501/com.apple.mdworker.shared.04000000-0700-0000-0000-000000000000 [92319]) <Notice>: service state: running
2024-08-13 02:35:14.724948 (user/501/com.apple.mdworker.shared.04000000-0700-0000-0000-000000000000 [92319]) <Notice>: internal event: INIT, code = 0
2024-08-13 02:35:14.724990 (user/501/com.apple.mdworker.shared.04000000-0700-0000-0000-000000000000 [92319]) <Notice>: Successfully spawned mdworker_shared[92319] because ipc (mach)
2024-08-13 02:35:14.732049 (pid/92319 [mdworker_shared]) <Notice>: uncorking exec source upfront
2024-08-13 02:35:14.732095 (pid/92319 [mdworker_shared]) <Notice>: created
2024-08-13 02:35:15.473120 (gui/501 [100005]) <Warning>: denied lookup: name = com.apple.contactsd.persistence, requestor = imagent[620], error = 159: Sandbox restriction
2024-08-13 02:35:15.473841 <Notice>: Last log repeated 1 times
2024-08-13 02:35:15.473762 (gui/501 [100005]) <Warning>: denied lookup: name = com.apple.contactsd.persistence, requestor = searchpartyuser[1094], error = 159: Sandbox restriction
2024-08-13 02:35:17.693496 <Notice>: Last log repeated 1 times
2024-08-13 02:35:17.693455 (user/89/com.apple.mdworker.shared.09000000-0700-0000-0000-000000000000) <Notice>: internal event: WILL_SPAWN, code = 0
2024-08-13 02:35:17.693480 (user/89/com.apple.mdworker.shared.09000000-0700-0000-0000-000000000000) <Notice>: service state: spawn scheduled
2024-08-13 02:35:17.693483 (user/89/com.apple.mdworker.shared.09000000-0700-0000-0000-000000000000) <Notice>: service state: spawning
2024-08-13 02:35:17.693537 (user/89/com.apple.mdworker.shared.09000000-0700-0000-0000-000000000000) <Notice>: launching: ipc (mach)
2024-08-13 02:35:17.694622 (user/89/com.apple.mdworker.shared.09000000-0700-0000-0000-000000000000 [92320]) <Notice>: xpcproxy spawned with pid 92320
2024-08-13 02:35:17.694648 (user/89/com.apple.mdworker.shared.09000000-0700-0000-0000-000000000000 [92320]) <Notice>: internal event: SPAWNED, code = 0
2024-08-13 02:35:17.694653 (user/89/com.apple.mdworker.shared.09000000-0700-0000-0000-000000000000 [92320]) <Notice>: service state: xpcproxy
2024-08-13 02:35:17.694671 (user/89/com.apple.mdworker.shared.09000000-0700-0000-0000-000000000000 [92320]) <Notice>: internal event: SOURCE_ATTACH, code = 0
2024-08-13 02:35:17.701955 (user/89/com.apple.mdworker.shared.09000000-0700-0000-0000-000000000000 [92320]) <Notice>: service state: running
2024-08-13 02:35:17.701963 (user/89/com.apple.mdworker.shared.09000000-0700-0000-0000-000000000000 [92320]) <Notice>: internal event: INIT, code = 0
2024-08-13 02:35:17.701994 (user/89/com.apple.mdworker.shared.09000000-0700-0000-0000-000000000000 [92320]) <Notice>: Successfully spawned mdworker_shared[92320] because ipc (mach)
2024-08-13 02:35:17.706704 (pid/92320 [mdworker_shared]) <Notice>: uncorking exec source upfront
2024-08-13 02:35:17.706737 (pid/92320 [mdworker_shared]) <Notice>: created
2024-08-13 02:35:18.474745 (gui/501 [100005]) <Warning>: denied lookup: name = com.apple.contactsd.persistence, requestor = imagent[620], error = 159: Sandbox restriction
2024-08-13 02:35:18.479133 <Notice>: Last log repeated 1 times
2024-08-13 02:35:18.479113 (gui/501 [100005]) <Warning>: denied lookup: name = com.apple.contactsd.persistence, requestor = searchpartyuser[1094], error = 159: Sandbox restriction
2024-08-13 02:35:19.586734 <Notice>: Last log repeated 1 times
2024-08-13 02:35:19.586709 (pid/74356/com.apple.WebKit.WebContent.8151F0B7-50D7-463A-8A92-E9513062E1ED) <Notice>: internal event: WILL_SPAWN, code = 0
2024-08-13 02:35:19.586724 (pid/74356/com.apple.WebKit.WebContent.8151F0B7-50D7-463A-8A92-E9513062E1ED) <Notice>: service state: spawn scheduled
2024-08-13 02:35:19.586725 (pid/74356/com.apple.WebKit.WebContent.8151F0B7-50D7-463A-8A92-E9513062E1ED) <Notice>: service state: spawning
2024-08-13 02:35:19.586741 (pid/74356/com.apple.WebKit.WebContent.8151F0B7-50D7-463A-8A92-E9513062E1ED) <Notice>: launching: ipc (mach)
2024-08-13 02:35:19.587381 (pid/74356/com.apple.WebKit.WebContent.8151F0B7-50D7-463A-8A92-E9513062E1ED [92322]) <Notice>: xpcproxy spawned with pid 92322
2024-08-13 02:35:19.587398 (pid/74356/com.apple.WebKit.WebContent.8151F0B7-50D7-463A-8A92-E9513062E1ED [92322]) <Notice>: internal event: SPAWNED, code = 0
2024-08-13 02:35:19.587402 (pid/74356/com.apple.WebKit.WebContent.8151F0B7-50D7-463A-8A92-E9513062E1ED [92322]) <Notice>: service state: xpcproxy
2024-08-13 02:35:19.587413 (pid/74356/com.apple.WebKit.WebContent.8151F0B7-50D7-463A-8A92-E9513062E1ED [92322]) <Notice>: internal event: SOURCE_ATTACH, code = 0
2024-08-13 02:35:19.593488 (pid/74356/com.apple.WebKit.WebContent.8151F0B7-50D7-463A-8A92-E9513062E1ED [92322]) <Notice>: service state: running
2024-08-13 02:35:19.593499 (pid/74356/com.apple.WebKit.WebContent.8151F0B7-50D7-463A-8A92-E9513062E1ED [92322]) <Notice>: internal event: INIT, code = 0
2024-08-13 02:35:19.593524 (pid/74356/com.apple.WebKit.WebContent.8151F0B7-50D7-463A-8A92-E9513062E1ED [92322]) <Notice>: Successfully spawned WebContent[92322] because ipc (mach)
2024-08-13 02:35:19.600261 (pid/92322 [com.apple.WebKi]) <Notice>: uncorking exec source upfront
2024-08-13 02:35:19.600280 (pid/92322 [com.apple.WebKi]) <Notice>: created
2024-08-13 02:35:19.604722 (pid/92322 [com.apple.WebKi]) <Notice>: uncorking domain
2024-08-13 02:35:19.605057 (pid/92322 [com.apple.WebKi]) <Notice>: Service stub created for com.apple.appkit.xpc.ColorPickerImageLoader
2024-08-13 02:35:19.605079 (pid/92322 [com.apple.WebKi]) <Notice>: Service stub created for com.apple.appkit.xpc.defaultSyncService
2024-08-13 02:35:19.605084 (pid/92322 [com.apple.WebKi]) <Notice>: Service stub created for com.apple.appkit.xpc.documentPopoverViewService
2024-08-13 02:35:19.605091 (pid/92322 [com.apple.WebKi]) <Notice>: Service stub created for com.apple.appkit.xpc.LegacyExternalColorPickerService.arm64
2024-08-13 02:35:19.605096 (pid/92322 [com.apple.WebKi]) <Notice>: Service stub created for com.apple.appkit.xpc.LegacyExternalColorPickerService.x86_64
2024-08-13 02:35:19.605098 (pid/92322 [com.apple.WebKi]) <Notice>: Service stub created for com.apple.MediaLibraryBrowser
2024-08-13 02:35:19.605107 (pid/92322 [com.apple.WebKi]) <Notice>: Service stub created for com.apple.appkit.xpc.sandboxedServiceRunner
2024-08-13 02:35:19.605111 (pid/92322 [com.apple.WebKi]) <Notice>: Service stub created for com.apple.appkit.xpc.ThemeWidgetControlViewService
2024-08-13 02:35:19.605113 (pid/92322 [com.apple.WebKi]) <Notice>: Service stub created for com.apple.xpc.TypographyPanelService
2024-08-13 02:35:19.605115 (pid/92322 [com.apple.WebKi]) <Notice>: Service stub created for com.apple.automator.xpc.workflowServiceRunner
2024-08-13 02:35:19.605117 (pid/92322 [com.apple.WebKi]) <Notice>: Service stub created for com.apple.appkit.xpc.VersionsUIHelper
2024-08-13 02:35:19.605121 (pid/92322 [com.apple.WebKi]) <Notice>: Service stub created for com.apple.appkit.xpc.openAndSavePanelService
2024-08-13 02:35:19.605302 (pid/92322 [com.apple.WebKi]) <Notice>: Service stub created for com.apple.PerfPowerTelemetryClientRegistrationService
2024-08-13 02:35:19.605361 (pid/92322 [com.apple.WebKi]) <Notice>: Service stub created for com.apple.CGXPCServicesAgent
2024-08-13 02:35:19.605422 (pid/92322 [com.apple.WebKi]) <Notice>: Service stub created for com.apple.foundation.UserScriptService
2024-08-13 02:35:19.605449 (pid/92322 [com.apple.WebKi]) <Notice>: Service stub created for com.apple.textkit.nsattributedstringagent
2024-08-13 02:35:19.605476 (pid/92322 [com.apple.WebKi]) <Notice>: Service stub created for com.apple.CoreGraphics.CGPDFService
2024-08-13 02:35:19.605556 (pid/92322 [com.apple.WebKi]) <Notice>: Service stub created for com.apple.ImageIOXPCService
2024-08-13 02:35:19.605642 (pid/92322 [com.apple.WebKi]) <Notice>: Service stub created for com.apple.speech.SpeechSynthesisServerXPC
2024-08-13 02:35:19.605730 (pid/92322 [com.apple.WebKi]) <Notice>: Service stub created for com.apple.WebKit.GPU
2024-08-13 02:35:19.605737 (pid/92322 [com.apple.WebKi]) <Notice>: Service stub created for com.apple.WebKit.Networking
2024-08-13 02:35:19.605741 (pid/92322 [com.apple.WebKi]) <Notice>: Service stub created for com.apple.WebKit.WebContent.CaptivePortal
2024-08-13 02:35:19.605743 (pid/92322 [com.apple.WebKi]) <Notice>: Service stub created for com.apple.WebKit.WebContent.Development
2024-08-13 02:35:19.605745 (pid/92322 [com.apple.WebKi]) <Notice>: Service stub created for com.apple.WebKit.WebContent
2024-08-13 02:35:19.605782 (pid/92322 [com.apple.WebKi]) <Notice>: Service stub created for com.apple.audio.Core-Audio-Driver-Service.helper
2024-08-13 02:35:19.605786 (pid/92322 [com.apple.WebKi]) <Notice>: Service stub created for com.apple.audio.Core-Audio-Driver-Service
2024-08-13 02:35:19.605790 (pid/92322 [com.apple.WebKi]) <Notice>: Service stub created for com.apple.audio.DriverHelper
2024-08-13 02:35:19.605829 (pid/92322 [com.apple.WebKi]) <Notice>: Service stub created for com.apple.extensionkitservice
2024-08-13 02:35:19.605879 (pid/92322 [com.apple.WebKi]) <Notice>: Service stub created for com.apple.mlcompiler.services.compiler
2024-08-13 02:35:19.605945 (pid/92322 [com.apple.WebKi]) <Notice>: Service stub created for com.apple.audio.AUHostingService.x86-64
2024-08-13 02:35:19.605947 (pid/92322 [com.apple.WebKi]) <Notice>: Service stub created for com.apple.audio.AUHostingService.arm64e
2024-08-13 02:35:19.605949 (pid/92322 [com.apple.WebKi]) <Notice>: Service stub created for com.apple.audio.AudioConverterService
2024-08-13 02:35:19.605953 (pid/92322 [com.apple.WebKi]) <Notice>: Service stub created for com.apple.audio.CarbonComponentScanner.x86-64
2024-08-13 02:35:19.605957 (pid/92322 [com.apple.WebKi]) <Notice>: Service stub created for com.apple.audio.ComponentTagHelper
2024-08-13 02:35:19.605960 (pid/92322 [com.apple.WebKi]) <Notice>: Service stub created for com.apple.audio.InfoHelper
2024-08-13 02:35:19.605965 (pid/92322 [com.apple.WebKi]) <Notice>: Service stub created for com.apple.audio.SandboxHelper
2024-08-13 02:35:19.605976 (pid/92322 [com.apple.WebKi]) <Notice>: Service stub created for com.apple.internal.DataDetectorsRemoteScanner
2024-08-13 02:35:19.606030 (pid/92322 [com.apple.WebKi]) <Notice>: Service stub created for com.apple.CoreDisplay.XPCService
2024-08-13 02:35:19.606042 (pid/92322 [com.apple.WebKi]) <Notice>: Service stub created for com.apple.CMValidateMovieDataReferenceService
2024-08-13 02:35:19.606088 (pid/92322 [com.apple.WebKi]) <Notice>: Service stub created for com.apple.OSLogService
2024-08-13 02:35:19.606108 (pid/92322 [com.apple.WebKi]) <Notice>: Service stub created for com.apple.ModelIO.AssetLoader
2024-08-13 02:35:19.606139 (pid/92322 [com.apple.WebKi]) <Notice>: Service stub created for com.apple.ANECompilerService
2024-08-13 02:35:19.606143 (pid/92322 [com.apple.WebKi]) <Notice>: Service stub created for com.apple.private.ANEStorageMaintainer
2024-08-13 02:35:19.606338 (pid/92322 [com.apple.WebKi]) <Notice>: Service stub created for com.apple.coremedia.videodecoder
2024-08-13 02:35:19.606341 (pid/92322 [com.apple.WebKi]) <Notice>: Service stub created for com.apple.coremedia.videodecoder.zonto
2024-08-13 02:35:19.606347 (pid/92322 [com.apple.WebKi]) <Notice>: Service stub created for com.apple.coremedia.videoencoder
2024-08-13 02:35:19.606349 (pid/92322 [com.apple.WebKi]) <Notice>: Service stub created for com.apple.coremedia.videoencoder.zonto
2024-08-13 02:35:19.606416 (pid/92322 [com.apple.WebKi]) <Notice>: Service stub created for com.apple.scenekit.SCNSceneLoader
2024-08-13 02:35:19.606425 (pid/92322 [com.apple.WebKi]) <Notice>: Service stub created for com.apple.SceneKit.C3DColladaResourcesCoordinator
2024-08-13 02:35:19.606442 (pid/92322 [com.apple.WebKi]) <Notice>: Service stub created for com.apple.coremedia.pluginformatreader
2024-08-13 02:35:19.606444 (pid/92322 [com.apple.WebKi]) <Notice>: Service stub created for com.apple.coremedia.pluginformatreader.zonto
2024-08-13 02:35:19.606543 (pid/92322 [com.apple.WebKi]) <Notice>: Service stub created for com.apple.ColorSyncXPCAgent
2024-08-13 02:35:19.606629 (pid/92322 [com.apple.WebKi]) <Notice>: Service stub created for com.apple.USDLib.FormatLoader
2024-08-13 02:35:19.606689 (pid/92322 [com.apple.WebKi]) <Notice>: Service stub created for com.apple.security.pboxd
2024-08-13 02:35:19.606717 (pid/92322 [com.apple.WebKi]) <Notice>: Service stub created for com.apple.MTLCompilerService
2024-08-13 02:35:19.606735 (pid/92322 [com.apple.WebKi]) <Notice>: Service stub created for com.apple.security.XPCAcmeService
2024-08-13 02:35:19.609316 <Notice>: Flushed 57 logs [limit: 20]
2024-08-13 02:35:19.609027 (pid/74356/com.apple.WebKit.WebContent.8151F0B7-50D7-463A-8A92-E9513062E1ED [92322]) <Notice>: job state = running
2024-08-13 02:35:19.609087 (pid/74356/com.apple.WebKit.Networking.B998761D-4FB2-4388-A6D6-93D2A6ABE2DF) <Notice>: internal event: WILL_SPAWN, code = 0
2024-08-13 02:35:19.609089 (pid/74356/com.apple.WebKit.Networking.B998761D-4FB2-4388-A6D6-93D2A6ABE2DF) <Notice>: service state: spawn scheduled
2024-08-13 02:35:19.609089 (pid/74356/com.apple.WebKit.Networking.B998761D-4FB2-4388-A6D6-93D2A6ABE2DF) <Notice>: service state: spawning
2024-08-13 02:35:19.609097 (pid/74356/com.apple.WebKit.Networking.B998761D-4FB2-4388-A6D6-93D2A6ABE2DF) <Notice>: launching: ipc (mach)
2024-08-13 02:35:19.609581 (pid/74356/com.apple.WebKit.Networking.B998761D-4FB2-4388-A6D6-93D2A6ABE2DF [92323]) <Notice>: xpcproxy spawned with pid 92323
2024-08-13 02:35:19.609588 (pid/74356/com.apple.WebKit.Networking.B998761D-4FB2-4388-A6D6-93D2A6ABE2DF [92323]) <Notice>: internal event: SPAWNED, code = 0
2024-08-13 02:35:19.609590 (pid/74356/com.apple.WebKit.Networking.B998761D-4FB2-4388-A6D6-93D2A6ABE2DF [92323]) <Notice>: service state: xpcproxy
2024-08-13 02:35:19.609610 (pid/74356/com.apple.WebKit.Networking.B998761D-4FB2-4388-A6D6-93D2A6ABE2DF [92323]) <Notice>: internal event: SOURCE_ATTACH, code = 0
2024-08-13 02:35:19.614431 (pid/74356/com.apple.WebKit.Networking.B998761D-4FB2-4388-A6D6-93D2A6ABE2DF [92323]) <Notice>: service state: running
2024-08-13 02:35:19.614434 (pid/74356/com.apple.WebKit.Networking.B998761D-4FB2-4388-A6D6-93D2A6ABE2DF [92323]) <Notice>: internal event: INIT, code = 0
2024-08-13 02:35:19.614505 (pid/74356/com.apple.WebKit.Networking.B998761D-4FB2-4388-A6D6-93D2A6ABE2DF [92323]) <Notice>: Successfully spawned Networking[92323] because ipc (mach)
2024-08-13 02:35:19.617271 (pid/92323 [com.apple.WebKi]) <Notice>: uncorking exec source upfront
2024-08-13 02:35:19.617282 (pid/92323 [com.apple.WebKi]) <Notice>: created
2024-08-13 02:35:19.619372 (pid/92323 [com.apple.WebKi]) <Notice>: uncorking domain
2024-08-13 02:35:19.619581 (pid/92323 [com.apple.WebKi]) <Notice>: Service stub created for com.apple.appkit.xpc.ColorPickerImageLoader
2024-08-13 02:35:19.619591 (pid/92323 [com.apple.WebKi]) <Notice>: Service stub created for com.apple.appkit.xpc.defaultSyncService
2024-08-13 02:35:19.619594 (pid/92323 [com.apple.WebKi]) <Notice>: Service stub created for com.apple.appkit.xpc.documentPopoverViewService
2024-08-13 02:35:19.619597 (pid/92323 [com.apple.WebKi]) <Notice>: Service stub created for com.apple.appkit.xpc.LegacyExternalColorPickerService.arm64
2024-08-13 02:35:19.619599 (pid/92323 [com.apple.WebKi]) <Notice>: Service stub created for com.apple.appkit.xpc.LegacyExternalColorPickerService.x86_64
2024-08-13 02:35:19.619602 (pid/92323 [com.apple.WebKi]) <Notice>: Service stub created for com.apple.MediaLibraryBrowser
2024-08-13 02:35:19.619604 (pid/92323 [com.apple.WebKi]) <Notice>: Service stub created for com.apple.appkit.xpc.sandboxedServiceRunner
2024-08-13 02:35:19.619606 (pid/92323 [com.apple.WebKi]) <Notice>: Service stub created for com.apple.appkit.xpc.ThemeWidgetControlViewService
2024-08-13 02:35:19.619608 (pid/92323 [com.apple.WebKi]) <Notice>: Service stub created for com.apple.xpc.TypographyPanelService
2024-08-13 02:35:19.619610 (pid/92323 [com.apple.WebKi]) <Notice>: Service stub created for com.apple.automator.xpc.workflowServiceRunner
2024-08-13 02:35:19.619613 (pid/92323 [com.apple.WebKi]) <Notice>: Service stub created for com.apple.appkit.xpc.VersionsUIHelper
2024-08-13 02:35:19.619616 (pid/92323 [com.apple.WebKi]) <Notice>: Service stub created for com.apple.appkit.xpc.openAndSavePanelService
2024-08-13 02:35:19.619632 (pid/92323 [com.apple.WebKi]) <Notice>: Service stub created for com.apple.PerfPowerTelemetryClientRegistrationService
2024-08-13 02:35:19.619763 (pid/92323 [com.apple.WebKi]) <Notice>: Service stub created for com.apple.CGXPCServicesAgent
2024-08-13 02:35:19.619793 (pid/92323 [com.apple.WebKi]) <Notice>: Service stub created for com.apple.foundation.UserScriptService
2024-08-13 02:35:19.619884 (pid/92323 [com.apple.WebKi]) <Notice>: Service stub created for com.apple.CoreGraphics.CGPDFService
2024-08-13 02:35:19.619894 (pid/92323 [com.apple.WebKi]) <Notice>: Service stub created for com.apple.ImageIOXPCService
2024-08-13 02:35:19.619953 (pid/92323 [com.apple.WebKi]) <Notice>: Service stub created for com.apple.textkit.nsattributedstringagent
2024-08-13 02:35:19.619974 (pid/92323 [com.apple.WebKi]) <Notice>: Service stub created for com.apple.speech.SpeechSynthesisServerXPC
2024-08-13 02:35:19.620022 (pid/92323 [com.apple.WebKi]) <Notice>: Service stub created for com.apple.WebKit.GPU
2024-08-13 02:35:19.620029 (pid/92323 [com.apple.WebKi]) <Notice>: Service stub created for com.apple.WebKit.Networking
2024-08-13 02:35:19.620031 (pid/92323 [com.apple.WebKi]) <Notice>: Service stub created for com.apple.WebKit.WebContent.CaptivePortal
2024-08-13 02:35:19.620034 (pid/92323 [com.apple.WebKi]) <Notice>: Service stub created for com.apple.WebKit.WebContent.Development
2024-08-13 02:35:19.620037 (pid/92323 [com.apple.WebKi]) <Notice>: Service stub created for com.apple.WebKit.WebContent
2024-08-13 02:35:19.620066 (pid/92323 [com.apple.WebKi]) <Notice>: Service stub created for com.apple.audio.Core-Audio-Driver-Service.helper
2024-08-13 02:35:19.620070 (pid/92323 [com.apple.WebKi]) <Notice>: Service stub created for com.apple.audio.Core-Audio-Driver-Service
2024-08-13 02:35:19.620072 (pid/92323 [com.apple.WebKi]) <Notice>: Service stub created for com.apple.audio.DriverHelper
2024-08-13 02:35:19.620088 (pid/92323 [com.apple.WebKi]) <Notice>: Service stub created for com.apple.extensionkitservice
2024-08-13 02:35:19.620146 (pid/92323 [com.apple.WebKi]) <Notice>: Service stub created for com.apple.mlcompiler.services.compiler
2024-08-13 02:35:19.620224 (pid/92323 [com.apple.WebKi]) <Notice>: Service stub created for com.apple.CoreDisplay.XPCService
2024-08-13 02:35:19.620234 (pid/92323 [com.apple.WebKi]) <Notice>: Service stub created for com.apple.CMValidateMovieDataReferenceService
2024-08-13 02:35:19.620270 (pid/92323 [com.apple.WebKi]) <Notice>: Service stub created for com.apple.audio.AUHostingService.x86-64
2024-08-13 02:35:19.620272 (pid/92323 [com.apple.WebKi]) <Notice>: Service stub created for com.apple.audio.AUHostingService.arm64e
2024-08-13 02:35:19.620274 (pid/92323 [com.apple.WebKi]) <Notice>: Service stub created for com.apple.audio.AudioConverterService
2024-08-13 02:35:19.620279 (pid/92323 [com.apple.WebKi]) <Notice>: Service stub created for com.apple.audio.CarbonComponentScanner.x86-64
2024-08-13 02:35:19.620283 (pid/92323 [com.apple.WebKi]) <Notice>: Service stub created for com.apple.audio.ComponentTagHelper
2024-08-13 02:35:19.620286 (pid/92323 [com.apple.WebKi]) <Notice>: Service stub created for com.apple.audio.InfoHelper
2024-08-13 02:35:19.620288 (pid/92323 [com.apple.WebKi]) <Notice>: Service stub created for com.apple.audio.SandboxHelper
2024-08-13 02:35:19.620297 (pid/92323 [com.apple.WebKi]) <Notice>: Service stub created for com.apple.internal.DataDetectorsRemoteScanner
2024-08-13 02:35:19.620320 (pid/92323 [com.apple.WebKi]) <Notice>: Service stub created for com.apple.OSLogService
2024-08-13 02:35:19.620334 (pid/92323 [com.apple.WebKi]) <Notice>: Service stub created for com.apple.ModelIO.AssetLoader
2024-08-13 02:35:19.620360 (pid/92323 [com.apple.WebKi]) <Notice>: Service stub created for com.apple.ANECompilerService
2024-08-13 02:35:19.620363 (pid/92323 [com.apple.WebKi]) <Notice>: Service stub created for com.apple.private.ANEStorageMaintainer
2024-08-13 02:35:19.620432 (pid/92323 [com.apple.WebKi]) <Notice>: Service stub created for com.apple.coremedia.videodecoder
2024-08-13 02:35:19.620434 (pid/92323 [com.apple.WebKi]) <Notice>: Service stub created for com.apple.coremedia.videodecoder.zonto
2024-08-13 02:35:19.620436 (pid/92323 [com.apple.WebKi]) <Notice>: Service stub created for com.apple.coremedia.videoencoder
2024-08-13 02:35:19.620439 (pid/92323 [com.apple.WebKi]) <Notice>: Service stub created for com.apple.coremedia.videoencoder.zonto
2024-08-13 02:35:19.620517 (pid/92323 [com.apple.WebKi]) <Notice>: Service stub created for com.apple.scenekit.SCNSceneLoader
2024-08-13 02:35:19.620519 (pid/92323 [com.apple.WebKi]) <Notice>: Service stub created for com.apple.SceneKit.C3DColladaResourcesCoordinator
2024-08-13 02:35:19.620533 (pid/92323 [com.apple.WebKi]) <Notice>: Service stub created for com.apple.coremedia.pluginformatreader
2024-08-13 02:35:19.620535 (pid/92323 [com.apple.WebKi]) <Notice>: Service stub created for com.apple.coremedia.pluginformatreader.zonto
2024-08-13 02:35:19.620595 (pid/92323 [com.apple.WebKi]) <Notice>: Service stub created for com.apple.ColorSyncXPCAgent
2024-08-13 02:35:19.620659 (pid/92323 [com.apple.WebKi]) <Notice>: Service stub created for com.apple.USDLib.FormatLoader
2024-08-13 02:35:19.620700 (pid/92323 [com.apple.WebKi]) <Notice>: Service stub created for com.apple.security.XPCAcmeService
2024-08-13 02:35:19.620747 (pid/92323 [com.apple.WebKi]) <Notice>: Service stub created for com.apple.MTLCompilerService
2024-08-13 02:35:19.620794 (pid/92323 [com.apple.WebKi]) <Notice>: Service stub created for com.apple.security.pboxd
2024-08-13 02:35:19.622363 (pid/74356/com.apple.WebKit.Networking.B998761D-4FB2-4388-A6D6-93D2A6ABE2DF [92323]) <Notice>: job state = running
2024-08-13 02:35:19.632370 (gui/501 [100005]) <Warning>: denied lookup: name = com.apple.distributed_notifications@Uv3, requestor = com.apple.WebKi[92323], error = 159: Sandbox restriction
2024-08-13 02:35:19.632818 (system) <Warning>: denied lookup: name = com.apple.tccd.system, flags = 0x8, requestor = com.apple.WebKi[92323], error = 159: Sandbox restriction
2024-08-13 02:35:19.636785 <Notice>: Last log repeated 1 times
2024-08-13 02:35:19.636770 (system) <Warning>: denied lookup: name = com.apple.analyticsd, flags = 0x8, requestor = com.apple.WebKi[92323], error = 159: Sandbox restriction
2024-08-13 02:35:19.639097 (gui/501 [100005]) <Warning>: denied lookup: name = com.apple.pasteboard.1, requestor = com.apple.WebKi[92322], error = 159: Sandbox restriction
2024-08-13 02:35:19.640501 (system) <Warning>: denied lookup: name = com.apple.analyticsd, flags = 0x8, requestor = com.apple.WebKi[92322], error = 159: Sandbox restriction
2024-08-13 02:35:19.645054 (gui/501 [100005]) <Warning>: denied lookup: name = com.apple.distributed_notifications@Uv3, requestor = com.apple.WebKi[92322], error = 159: Sandbox restriction
2024-08-13 02:35:19.645415 (system) <Warning>: denied lookup: name = com.apple.tccd.system, flags = 0x8, requestor = com.apple.WebKi[92322], error = 159: Sandbox restriction
2024-08-13 02:35:19.660714 <Notice>: Last log repeated 1 times
2024-08-13 02:35:19.660692 (user/501) <Warning>: denied lookup: name = com.apple.lsd.mapdb, requestor = webinspectord[33880], error = 159: Sandbox restriction
2024-08-13 02:35:19.682338 <Notice>: Last log repeated 9 times
2024-08-13 02:35:19.682313 (gui/501 [100005]) <Warning>: denied lookup: name = com.apple.CoreServices.coreservicesd, flags = 0x9, requestor = com.apple.WebKi[92322], error = 159: Sandbox restriction
2024-08-13 02:35:19.682475 (gui/501 [100005]) <Warning>: denied lookup: name = com.apple.DiskArbitration.diskarbitrationd, flags = 0x9, requestor = com.apple.WebKi[92322], error = 159: Sandbox restriction
2024-08-13 02:35:19.683276 <Notice>: Last log repeated 1 times
2024-08-13 02:35:19.683226 (pid/92322 [com.apple.WebKi]) <Notice>: Service stub created for com.apple.corelocation.maphelperservice
2024-08-13 02:35:19.683320 (pid/92322 [com.apple.WebKi]) <Notice>: Service stub created for com.apple.desktopservices.ArchiveService
2024-08-13 02:35:19.683324 (pid/92322 [com.apple.WebKi]) <Notice>: Service stub created for com.apple.desktopservices.QuarantineService
2024-08-13 02:35:19.683816 (gui/501/com.apple.xpc.launchd.unmanaged.com.apple.WebKi.92322 [92322]) <Notice>: added unmanaged active
2024-08-13 02:35:19.685063 (pid/92322 [com.apple.WebKi]) <Notice>: Service stub created for com.apple.StreamingUnzipService.privileged
2024-08-13 02:35:19.685071 (pid/92322 [com.apple.WebKi]) <Notice>: Service stub created for com.apple.StreamingUnzipService
2024-08-13 02:35:19.685908 (gui/501 [100005]) <Warning>: denied lookup: name = com.apple.windowserver.active, flags = 0x9, requestor = com.apple.WebKi[92322], error = 159: Sandbox restriction
2024-08-13 02:35:19.694186 (pid/92322 [com.apple.WebKi]) <Notice>: Service stub created for com.apple.CoreMLModelSecurityService
2024-08-13 02:35:19.694277 (pid/92322 [com.apple.WebKi]) <Notice>: Service stub created for com.apple.intents.intents-helper
2024-08-13 02:35:19.694337 (pid/92322 [com.apple.WebKi]) <Notice>: Service stub created for com.apple.LoginUserService
2024-08-13 02:35:19.695631 (pid/92322 [com.apple.WebKi]) <Notice>: Service stub created for com.apple.BiomeWriteService
2024-08-13 02:35:19.696348 (pid/92322 [com.apple.WebKi]) <Notice>: Service stub created for com.apple.quicklook.QuickLookUIService
2024-08-13 02:35:19.696369 (pid/92322 [com.apple.WebKi]) <Notice>: Service stub created for com.apple.ImageKit.RecentPictureService
2024-08-13 02:35:19.696383 (pid/92322 [com.apple.WebKi]) <Notice>: Service stub created for com.apple.sidecar.DisplayMarkup
2024-08-13 02:35:19.696415 (pid/92322 [com.apple.WebKi]) <Notice>: Service stub created for com.apple.LookupViewService
2024-08-13 02:35:19.696425 (pid/92322 [com.apple.WebKi]) <Notice>: Service stub created for com.apple.SafariServices.ExtensionHelper
2024-08-13 02:35:19.696430 (pid/92322 [com.apple.WebKi]) <Notice>: Service stub created for com.apple.SafariServices
2024-08-13 02:35:19.696467 (pid/92322 [com.apple.WebKi]) <Notice>: Service stub created for com.apple.DataDetectorsActionService
2024-08-13 02:35:19.696473 (pid/92322 [com.apple.WebKi]) <Notice>: Service stub created for com.apple.DataDetectorsViewService
2024-08-13 02:35:19.696514 (pid/92322 [com.apple.WebKi]) <Notice>: Service stub created for com.apple.quicklook.externalSatellite.arm64
2024-08-13 02:35:19.696516 (pid/92322 [com.apple.WebKi]) <Notice>: Service stub created for com.apple.quicklook.externalSatellite.x86-64
2024-08-13 02:35:19.696520 (pid/92322 [com.apple.WebKi]) <Notice>: Service stub created for com.apple.quicklook.satellite
2024-08-13 02:35:19.696556 (pid/92322 [com.apple.WebKi]) <Notice>: Service stub created for com.apple.mscamerad-xpc
2024-08-13 02:35:19.701684 (pid/74356/com.apple.WebKit.GPU.0AD18DBC-8F19-4351-AAD4-CD2891DAB012) <Notice>: internal event: WILL_SPAWN, code = 0
2024-08-13 02:35:19.701688 (pid/74356/com.apple.WebKit.GPU.0AD18DBC-8F19-4351-AAD4-CD2891DAB012) <Notice>: service state: spawn scheduled
2024-08-13 02:35:19.701689 (pid/74356/com.apple.WebKit.GPU.0AD18DBC-8F19-4351-AAD4-CD2891DAB012) <Notice>: service state: spawning
2024-08-13 02:35:19.701696 (pid/74356/com.apple.WebKit.GPU.0AD18DBC-8F19-4351-AAD4-CD2891DAB012) <Notice>: launching: ipc (mach)
2024-08-13 02:35:19.702024 (pid/74356/com.apple.WebKit.GPU.0AD18DBC-8F19-4351-AAD4-CD2891DAB012 [92324]) <Notice>: xpcproxy spawned with pid 92324
2024-08-13 02:35:19.702034 (pid/74356/com.apple.WebKit.GPU.0AD18DBC-8F19-4351-AAD4-CD2891DAB012 [92324]) <Notice>: internal event: SPAWNED, code = 0
2024-08-13 02:35:19.702035 (pid/74356/com.apple.WebKit.GPU.0AD18DBC-8F19-4351-AAD4-CD2891DAB012 [92324]) <Notice>: service state: xpcproxy
2024-08-13 02:35:19.702040 (pid/74356/com.apple.WebKit.GPU.0AD18DBC-8F19-4351-AAD4-CD2891DAB012 [92324]) <Notice>: internal event: SOURCE_ATTACH, code = 0
2024-08-13 02:35:19.705067 (pid/74356/com.apple.WebKit.GPU.0AD18DBC-8F19-4351-AAD4-CD2891DAB012 [92324]) <Notice>: service state: running
2024-08-13 02:35:19.705078 (pid/74356/com.apple.WebKit.GPU.0AD18DBC-8F19-4351-AAD4-CD2891DAB012 [92324]) <Notice>: internal event: INIT, code = 0
2024-08-13 02:35:19.705108 (pid/74356/com.apple.WebKit.GPU.0AD18DBC-8F19-4351-AAD4-CD2891DAB012 [92324]) <Notice>: Successfully spawned GPU[92324] because ipc (mach)
2024-08-13 02:35:19.707633 (pid/92324 [com.apple.WebKi]) <Notice>: uncorking exec source upfront
2024-08-13 02:35:19.707637 (pid/92324 [com.apple.WebKi]) <Notice>: created
2024-08-13 02:35:19.709148 (pid/92324 [com.apple.WebKi]) <Notice>: uncorking domain
2024-08-13 02:35:19.709312 (pid/92324 [com.apple.WebKi]) <Notice>: Service stub created for com.apple.appkit.xpc.ColorPickerImageLoader
2024-08-13 02:35:19.709326 (pid/92324 [com.apple.WebKi]) <Notice>: Service stub created for com.apple.appkit.xpc.defaultSyncService
2024-08-13 02:35:19.709329 (pid/92324 [com.apple.WebKi]) <Notice>: Service stub created for com.apple.appkit.xpc.documentPopoverViewService
2024-08-13 02:35:19.709331 (pid/92324 [com.apple.WebKi]) <Notice>: Service stub created for com.apple.appkit.xpc.LegacyExternalColorPickerService.arm64
2024-08-13 02:35:19.709334 (pid/92324 [com.apple.WebKi]) <Notice>: Service stub created for com.apple.appkit.xpc.LegacyExternalColorPickerService.x86_64
2024-08-13 02:35:19.709336 (pid/92324 [com.apple.WebKi]) <Notice>: Service stub created for com.apple.MediaLibraryBrowser
2024-08-13 02:35:19.709338 (pid/92324 [com.apple.WebKi]) <Notice>: Service stub created for com.apple.appkit.xpc.sandboxedServiceRunner
2024-08-13 02:35:19.709341 (pid/92324 [com.apple.WebKi]) <Notice>: Service stub created for com.apple.appkit.xpc.ThemeWidgetControlViewService
2024-08-13 02:35:19.709343 (pid/92324 [com.apple.WebKi]) <Notice>: Service stub created for com.apple.xpc.TypographyPanelService
2024-08-13 02:35:19.709345 (pid/92324 [com.apple.WebKi]) <Notice>: Service stub created for com.apple.automator.xpc.workflowServiceRunner
2024-08-13 02:35:19.709347 (pid/92324 [com.apple.WebKi]) <Notice>: Service stub created for com.apple.appkit.xpc.VersionsUIHelper
2024-08-13 02:35:19.709350 (pid/92324 [com.apple.WebKi]) <Notice>: Service stub created for com.apple.appkit.xpc.openAndSavePanelService
2024-08-13 02:35:19.709363 (pid/92324 [com.apple.WebKi]) <Notice>: Service stub created for com.apple.PerfPowerTelemetryClientRegistrationService
2024-08-13 02:35:19.709482 (pid/92324 [com.apple.WebKi]) <Notice>: Service stub created for com.apple.CGXPCServicesAgent
2024-08-13 02:35:19.709503 (pid/92324 [com.apple.WebKi]) <Notice>: Service stub created for com.apple.foundation.UserScriptService
2024-08-13 02:35:19.709589 (pid/92324 [com.apple.WebKi]) <Notice>: Service stub created for com.apple.CoreGraphics.CGPDFService
2024-08-13 02:35:19.709598 (pid/92324 [com.apple.WebKi]) <Notice>: Service stub created for com.apple.ImageIOXPCService
2024-08-13 02:35:19.709653 (pid/92324 [com.apple.WebKi]) <Notice>: Service stub created for com.apple.textkit.nsattributedstringagent
2024-08-13 02:35:19.709672 (pid/92324 [com.apple.WebKi]) <Notice>: Service stub created for com.apple.speech.SpeechSynthesisServerXPC
2024-08-13 02:35:19.709711 (pid/92324 [com.apple.WebKi]) <Notice>: Service stub created for com.apple.WebKit.GPU
2024-08-13 02:35:19.709714 (pid/92324 [com.apple.WebKi]) <Notice>: Service stub created for com.apple.WebKit.Networking
2024-08-13 02:35:19.709717 (pid/92324 [com.apple.WebKi]) <Notice>: Service stub created for com.apple.WebKit.WebContent.CaptivePortal
2024-08-13 02:35:19.709719 (pid/92324 [com.apple.WebKi]) <Notice>: Service stub created for com.apple.WebKit.WebContent.Development
2024-08-13 02:35:19.709721 (pid/92324 [com.apple.WebKi]) <Notice>: Service stub created for com.apple.WebKit.WebContent
2024-08-13 02:35:19.709747 (pid/92324 [com.apple.WebKi]) <Notice>: Service stub created for com.apple.audio.Core-Audio-Driver-Service.helper
2024-08-13 02:35:19.709750 (pid/92324 [com.apple.WebKi]) <Notice>: Service stub created for com.apple.audio.Core-Audio-Driver-Service
2024-08-13 02:35:19.709753 (pid/92324 [com.apple.WebKi]) <Notice>: Service stub created for com.apple.audio.DriverHelper
2024-08-13 02:35:19.709766 (pid/92324 [com.apple.WebKi]) <Notice>: Service stub created for com.apple.extensionkitservice
2024-08-13 02:35:19.709820 (pid/92324 [com.apple.WebKi]) <Notice>: Service stub created for com.apple.mlcompiler.services.compiler
2024-08-13 02:35:19.709884 (pid/92324 [com.apple.WebKi]) <Notice>: Service stub created for com.apple.CoreDisplay.XPCService
2024-08-13 02:35:19.709891 (pid/92324 [com.apple.WebKi]) <Notice>: Service stub created for com.apple.CMValidateMovieDataReferenceService
2024-08-13 02:35:19.709925 (pid/92324 [com.apple.WebKi]) <Notice>: Service stub created for com.apple.audio.AUHostingService.x86-64
2024-08-13 02:35:19.709931 (pid/92324 [com.apple.WebKi]) <Notice>: Service stub created for com.apple.audio.AUHostingService.arm64e
2024-08-13 02:35:19.709933 (pid/92324 [com.apple.WebKi]) <Notice>: Service stub created for com.apple.audio.AudioConverterService
2024-08-13 02:35:19.709936 (pid/92324 [com.apple.WebKi]) <Notice>: Service stub created for com.apple.audio.CarbonComponentScanner.x86-64
2024-08-13 02:35:19.709940 (pid/92324 [com.apple.WebKi]) <Notice>: Service stub created for com.apple.audio.ComponentTagHelper
2024-08-13 02:35:19.709943 (pid/92324 [com.apple.WebKi]) <Notice>: Service stub created for com.apple.audio.InfoHelper
2024-08-13 02:35:19.709944 (pid/92324 [com.apple.WebKi]) <Notice>: Service stub created for com.apple.audio.SandboxHelper
2024-08-13 02:35:19.709952 (pid/92324 [com.apple.WebKi]) <Notice>: Service stub created for com.apple.internal.DataDetectorsRemoteScanner
2024-08-13 02:35:19.709974 (pid/92324 [com.apple.WebKi]) <Notice>: Service stub created for com.apple.OSLogService
2024-08-13 02:35:19.709987 (pid/92324 [com.apple.WebKi]) <Notice>: Service stub created for com.apple.ModelIO.AssetLoader
2024-08-13 02:35:19.710011 (pid/92324 [com.apple.WebKi]) <Notice>: Service stub created for com.apple.ANECompilerService
2024-08-13 02:35:19.710015 (pid/92324 [com.apple.WebKi]) <Notice>: Service stub created for com.apple.private.ANEStorageMaintainer
2024-08-13 02:35:19.710067 (pid/92324 [com.apple.WebKi]) <Notice>: Service stub created for com.apple.coremedia.videodecoder
2024-08-13 02:35:19.710069 (pid/92324 [com.apple.WebKi]) <Notice>: Service stub created for com.apple.coremedia.videodecoder.zonto
2024-08-13 02:35:19.710071 (pid/92324 [com.apple.WebKi]) <Notice>: Service stub created for com.apple.coremedia.videoencoder
2024-08-13 02:35:19.710073 (pid/92324 [com.apple.WebKi]) <Notice>: Service stub created for com.apple.coremedia.videoencoder.zonto
2024-08-13 02:35:19.710147 (pid/92324 [com.apple.WebKi]) <Notice>: Service stub created for com.apple.scenekit.SCNSceneLoader
2024-08-13 02:35:19.710149 (pid/92324 [com.apple.WebKi]) <Notice>: Service stub created for com.apple.SceneKit.C3DColladaResourcesCoordinator
2024-08-13 02:35:19.710163 (pid/92324 [com.apple.WebKi]) <Notice>: Service stub created for com.apple.coremedia.pluginformatreader
2024-08-13 02:35:19.710165 (pid/92324 [com.apple.WebKi]) <Notice>: Service stub created for com.apple.coremedia.pluginformatreader.zonto
2024-08-13 02:35:19.710215 (pid/92324 [com.apple.WebKi]) <Notice>: Service stub created for com.apple.ColorSyncXPCAgent
2024-08-13 02:35:19.710283 (pid/92324 [com.apple.WebKi]) <Notice>: Service stub created for com.apple.USDLib.FormatLoader
2024-08-13 02:35:19.710319 (pid/92324 [com.apple.WebKi]) <Notice>: Service stub created for com.apple.security.XPCAcmeService
2024-08-13 02:35:19.710362 (pid/92324 [com.apple.WebKi]) <Notice>: Service stub created for com.apple.MTLCompilerService
2024-08-13 02:35:19.710406 (pid/92324 [com.apple.WebKi]) <Notice>: Service stub created for com.apple.security.pboxd
2024-08-13 02:35:19.711601 (pid/74356/com.apple.WebKit.GPU.0AD18DBC-8F19-4351-AAD4-CD2891DAB012 [92324]) <Notice>: job state = running
2024-08-13 02:35:19.717076 (pid/92324 [com.apple.WebKi]) <Notice>: Service stub created for com.apple.StreamingUnzipService.privileged
2024-08-13 02:35:19.717083 (pid/92324 [com.apple.WebKi]) <Notice>: Service stub created for com.apple.StreamingUnzipService
2024-08-13 02:35:19.721028 (gui/501 [100005]) <Warning>: denied lookup: name = com.apple.distributed_notifications@Uv3, requestor = com.apple.WebKi[92324], error = 159: Sandbox restriction
2024-08-13 02:35:19.721385 (system) <Warning>: denied lookup: name = com.apple.tccd.system, flags = 0x8, requestor = com.apple.WebKi[92324], error = 159: Sandbox restriction
2024-08-13 02:35:19.726411 <Notice>: Last log repeated 1 times
2024-08-13 02:35:19.726399 (system) <Warning>: denied lookup: name = com.apple.cmio.registerassistantservice.system-extensions, flags = 0x8, requestor = com.apple.WebKi[92324], error = 159: Sandbox restriction
2024-08-13 02:35:19.781289 (gui/501 [100005]) <Warning>: denied lookup: name = com.apple.CoreServices.coreservicesd, flags = 0x9, requestor = com.apple.WebKi[92324], error = 159: Sandbox restriction
2024-08-13 02:35:19.782194 (gui/501 [100005]) <Warning>: denied lookup: name = com.apple.DiskArbitration.diskarbitrationd, flags = 0x9, requestor = com.apple.WebKi[92324], error = 159: Sandbox restriction
2024-08-13 02:35:19.794227 <Notice>: Last log repeated 1 times
2024-08-13 02:35:19.794216 (system) <Warning>: denied lookup: name = com.apple.analyticsd, flags = 0x8, requestor = com.apple.WebKi[92324], error = 159: Sandbox restriction
2024-08-13 02:35:21.479567 (gui/501 [100005]) <Warning>: denied lookup: name = com.apple.contactsd.persistence, requestor = imagent[620], error = 159: Sandbox restriction
2024-08-13 02:35:21.481443 <Notice>: Last log repeated 3 times
2024-08-13 02:35:21.481414 (gui/501 [100005]) <Warning>: denied lookup: name = com.apple.AddressBook.ContactsAccountsService, requestor = imagent[620], error = 159: Sandbox restriction
2024-08-13 02:35:21.485139 (gui/501 [100005]) <Warning>: denied lookup: name = com.apple.contactsd.persistence, requestor = searchpartyuser[1094], error = 159: Sandbox restriction
2024-08-13 02:35:21.486398 <Notice>: Last log repeated 3 times
2024-08-13 02:35:21.486382 (gui/501 [100005]) <Warning>: denied lookup: name = com.apple.contactsd.persistence, requestor = imagent[620], error = 159: Sandbox restriction
2024-08-13 02:35:21.487022 <Notice>: Last log repeated 2 times
2024-08-13 02:35:21.486997 (gui/501 [100005]) <Warning>: denied lookup: name = com.apple.AddressBook.ContactsAccountsService, requestor = searchpartyuser[1094], error = 159: Sandbox restriction
2024-08-13 02:35:21.487196 (gui/501 [100005]) <Warning>: denied lookup: name = com.apple.contactsd.persistence, requestor = imagent[620], error = 159: Sandbox restriction
2024-08-13 02:35:21.492263 <Notice>: Last log repeated 4 times
2024-08-13 02:35:21.492245 (gui/501 [100005]) <Warning>: denied lookup: name = com.apple.contactsd.persistence, requestor = searchpartyuser[1094], error = 159: Sandbox restriction
2024-08-13 02:35:24.494064 <Notice>: Last log repeated 7 times
2024-08-13 02:35:24.494023 (gui/501 [100005]) <Warning>: denied lookup: name = com.apple.contactsd.persistence, requestor = imagent[620], error = 159: Sandbox restriction
2024-08-13 02:35:24.499689 <Notice>: Last log repeated 1 times
2024-08-13 02:35:24.499660 (gui/501 [100005]) <Warning>: denied lookup: name = com.apple.contactsd.persistence, requestor = searchpartyuser[1094], error = 159: Sandbox restriction
2024-08-13 02:35:25.998323 <Notice>: Last log repeated 1 times
2024-08-13 02:35:25.998260 (user/501/com.apple.mdworker.shared.10000000-0000-0000-0000-000000000000 [92317]) <Notice>: exited due to SIGKILL | sent by mds[116], ran for 27709ms
2024-08-13 02:35:25.998288 (user/501/com.apple.mdworker.shared.10000000-0000-0000-0000-000000000000 [92317]) <Notice>: service state: exited
2024-08-13 02:35:25.998294 (user/501/com.apple.mdworker.shared.10000000-0000-0000-0000-000000000000 [92317]) <Notice>: internal event: EXITED, code = 0
2024-08-13 02:35:25.998296 (user/501) <Notice>: service inactive: com.apple.mdworker.shared.10000000-0000-0000-0000-000000000000
2024-08-13 02:35:25.998298 (user/501) <Notice>: removing service: com.apple.mdworker.shared.10000000-0000-0000-0000-000000000000
2024-08-13 02:35:25.998309 (user/501/com.apple.mdworker.shared.10000000-0000-0000-0000-000000000000 [92317]) <Notice>: internal event: PETRIFIED, code = 0
2024-08-13 02:35:25.998311 (user/501/com.apple.mdworker.shared.10000000-0000-0000-0000-000000000000 [92317]) <Notice>: service state: not running
2024-08-13 02:35:25.998350 (user/501/com.apple.mdworker.shared.0F000000-0100-0000-0000-000000000000 [92312]) <Notice>: exited due to SIGKILL | sent by mds[116], ran for 29625ms
2024-08-13 02:35:25.998353 (user/501/com.apple.mdworker.shared.0F000000-0100-0000-0000-000000000000 [92312]) <Notice>: service state: exited
2024-08-13 02:35:25.998356 (user/501/com.apple.mdworker.shared.0F000000-0100-0000-0000-000000000000 [92312]) <Notice>: internal event: EXITED, code = 0
2024-08-13 02:35:25.998357 (user/501) <Notice>: service inactive: com.apple.mdworker.shared.0F000000-0100-0000-0000-000000000000
2024-08-13 02:35:25.998358 (user/501) <Notice>: removing service: com.apple.mdworker.shared.0F000000-0100-0000-0000-000000000000
2024-08-13 02:35:25.998365 (user/501/com.apple.mdworker.shared.0F000000-0100-0000-0000-000000000000 [92312]) <Notice>: internal event: PETRIFIED, code = 0
2024-08-13 02:35:25.998367 (user/501/com.apple.mdworker.shared.0F000000-0100-0000-0000-000000000000 [92312]) <Notice>: service state: not running
2024-08-13 02:35:25.998376 (pid/92317 [mdworker_shared]) <Notice>: shutting down
2024-08-13 02:35:25.998389 (pid/92317 [mdworker_shared]) <Notice>: cleaning up
2024-08-13 02:35:25.998393 (pid/92312 [mdworker_shared]) <Notice>: shutting down
2024-08-13 02:35:25.998396 (pid/92312 [mdworker_shared]) <Notice>: cleaning up
2024-08-13 02:35:25.998450 (system) <Notice>: removing child: pid/92317
2024-08-13 02:35:25.998456 (system) <Notice>: removing child: pid/92312
2024-08-13 02:35:25.998695 (user/501/com.apple.mdworker.shared.03000000-0300-0000-0000-000000000000) <Notice>: internal event: WILL_SPAWN, code = 0
2024-08-13 02:35:25.998698 (user/501/com.apple.mdworker.shared.03000000-0300-0000-0000-000000000000) <Notice>: service state: spawn scheduled
2024-08-13 02:35:25.998700 (user/501/com.apple.mdworker.shared.03000000-0300-0000-0000-000000000000) <Notice>: service state: spawning
2024-08-13 02:35:25.998730 (user/501/com.apple.mdworker.shared.03000000-0300-0000-0000-000000000000) <Notice>: launching: ipc (mach)
2024-08-13 02:35:26.000314 (user/501/com.apple.mdworker.shared.03000000-0300-0000-0000-000000000000 [92328]) <Notice>: xpcproxy spawned with pid 92328
2024-08-13 02:35:26.000336 (user/501/com.apple.mdworker.shared.03000000-0300-0000-0000-000000000000 [92328]) <Notice>: internal event: SPAWNED, code = 0
2024-08-13 02:35:26.000341 (user/501/com.apple.mdworker.shared.03000000-0300-0000-0000-000000000000 [92328]) <Notice>: service state: xpcproxy
2024-08-13 02:35:26.000370 (user/501/com.apple.mdworker.shared.03000000-0300-0000-0000-000000000000 [92328]) <Notice>: internal event: SOURCE_ATTACH, code = 0
2024-08-13 02:35:26.000436 (user/501/com.apple.mdworker.shared.0A000000-0300-0000-0000-000000000000) <Notice>: internal event: WILL_SPAWN, code = 0
2024-08-13 02:35:26.000439 (user/501/com.apple.mdworker.shared.0A000000-0300-0000-0000-000000000000) <Notice>: service state: spawn scheduled
2024-08-13 02:35:26.000442 (user/501/com.apple.mdworker.shared.0A000000-0300-0000-0000-000000000000) <Notice>: service state: spawning
2024-08-13 02:35:26.000475 (user/501/com.apple.mdworker.shared.0A000000-0300-0000-0000-000000000000) <Notice>: launching: ipc (mach)
2024-08-13 02:35:26.001119 (user/501/com.apple.mdworker.shared.0A000000-0300-0000-0000-000000000000 [92329]) <Notice>: xpcproxy spawned with pid 92329
2024-08-13 02:35:26.001141 (user/501/com.apple.mdworker.shared.0A000000-0300-0000-0000-000000000000 [92329]) <Notice>: internal event: SPAWNED, code = 0
2024-08-13 02:35:26.001147 (user/501/com.apple.mdworker.shared.0A000000-0300-0000-0000-000000000000 [92329]) <Notice>: service state: xpcproxy
2024-08-13 02:35:26.001472 (user/501/com.apple.mdworker.shared.0A000000-0300-0000-0000-000000000000 [92329]) <Notice>: internal event: SOURCE_ATTACH, code = 0
2024-08-13 02:35:26.001675 (user/501/com.apple.mdworker.shared.07000000-0300-0000-0000-000000000000) <Notice>: internal event: WILL_SPAWN, code = 0
2024-08-13 02:35:26.001685 (user/501/com.apple.mdworker.shared.07000000-0300-0000-0000-000000000000) <Notice>: service state: spawn scheduled
2024-08-13 02:35:26.001687 (user/501/com.apple.mdworker.shared.07000000-0300-0000-0000-000000000000) <Notice>: service state: spawning
2024-08-13 02:35:26.001722 (user/501/com.apple.mdworker.shared.07000000-0300-0000-0000-000000000000) <Notice>: launching: ipc (mach)
2024-08-13 02:35:26.003025 (user/501/com.apple.mdworker.shared.07000000-0300-0000-0000-000000000000 [92330]) <Notice>: xpcproxy spawned with pid 92330
2024-08-13 02:35:26.003052 (user/501/com.apple.mdworker.shared.07000000-0300-0000-0000-000000000000 [92330]) <Notice>: internal event: SPAWNED, code = 0
2024-08-13 02:35:26.003055 (user/501/com.apple.mdworker.shared.07000000-0300-0000-0000-000000000000 [92330]) <Notice>: service state: xpcproxy
2024-08-13 02:35:26.003068 (user/501/com.apple.mdworker.shared.07000000-0300-0000-0000-000000000000 [92330]) <Notice>: internal event: SOURCE_ATTACH, code = 0
2024-08-13 02:35:26.010826 (user/501/com.apple.mdworker.shared.07000000-0300-0000-0000-000000000000 [92330]) <Notice>: service state: running
2024-08-13 02:35:26.010837 (user/501/com.apple.mdworker.shared.07000000-0300-0000-0000-000000000000 [92330]) <Notice>: internal event: INIT, code = 0
2024-08-13 02:35:26.010862 (user/501/com.apple.mdworker.shared.07000000-0300-0000-0000-000000000000 [92330]) <Notice>: Successfully spawned mdworker_shared[92330] because ipc (mach)
2024-08-13 02:35:26.010874 (user/501/com.apple.mdworker.shared.0A000000-0300-0000-0000-000000000000 [92329]) <Notice>: service state: running
2024-08-13 02:35:26.010877 (user/501/com.apple.mdworker.shared.0A000000-0300-0000-0000-000000000000 [92329]) <Notice>: internal event: INIT, code = 0
2024-08-13 02:35:26.010883 (user/501/com.apple.mdworker.shared.0A000000-0300-0000-0000-000000000000 [92329]) <Notice>: Successfully spawned mdworker_shared[92329] because ipc (mach)
2024-08-13 02:35:26.011123 (user/501/com.apple.mdworker.shared.03000000-0300-0000-0000-000000000000 [92328]) <Notice>: service state: running
2024-08-13 02:35:26.011126 (user/501/com.apple.mdworker.shared.03000000-0300-0000-0000-000000000000 [92328]) <Notice>: internal event: INIT, code = 0
2024-08-13 02:35:26.011135 (user/501/com.apple.mdworker.shared.03000000-0300-0000-0000-000000000000 [92328]) <Notice>: Successfully spawned mdworker_shared[92328] because ipc (mach)
2024-08-13 02:35:26.017259 (pid/92328 [mdworker_shared]) <Notice>: uncorking exec source upfront
2024-08-13 02:35:26.017275 (pid/92328 [mdworker_shared]) <Notice>: created
2024-08-13 02:35:26.017358 (pid/92329 [mdworker_shared]) <Notice>: uncorking exec source upfront
2024-08-13 02:35:26.017362 (pid/92329 [mdworker_shared]) <Notice>: created
2024-08-13 02:35:26.017429 (pid/92330 [mdworker_shared]) <Notice>: uncorking exec source upfront
2024-08-13 02:35:26.017434 (pid/92330 [mdworker_shared]) <Notice>: created
2024-08-13 02:35:26.594386 (user/501/com.apple.mdworker.shared.10000000-0100-0000-0000-000000000000) <Notice>: internal event: WILL_SPAWN, code = 0
2024-08-13 02:35:26.594407 (user/501/com.apple.mdworker.shared.10000000-0100-0000-0000-000000000000) <Notice>: service state: spawn scheduled
2024-08-13 02:35:26.594409 (user/501/com.apple.mdworker.shared.10000000-0100-0000-0000-000000000000) <Notice>: service state: spawning
2024-08-13 02:35:26.594460 (user/501/com.apple.mdworker.shared.10000000-0100-0000-0000-000000000000) <Notice>: launching: ipc (mach)
2024-08-13 02:35:26.595369 (user/501/com.apple.mdworker.shared.10000000-0100-0000-0000-000000000000 [92331]) <Notice>: xpcproxy spawned with pid 92331
2024-08-13 02:35:26.595390 (user/501/com.apple.mdworker.shared.10000000-0100-0000-0000-000000000000 [92331]) <Notice>: internal event: SPAWNED, code = 0
2024-08-13 02:35:26.595393 (user/501/com.apple.mdworker.shared.10000000-0100-0000-0000-000000000000 [92331]) <Notice>: service state: xpcproxy
2024-08-13 02:35:26.595408 (user/501/com.apple.mdworker.shared.10000000-0100-0000-0000-000000000000 [92331]) <Notice>: internal event: SOURCE_ATTACH, code = 0
2024-08-13 02:35:26.595412 (user/501/com.apple.mdworker.shared.0F000000-0200-0000-0000-000000000000) <Notice>: internal event: WILL_SPAWN, code = 0
2024-08-13 02:35:26.595416 (user/501/com.apple.mdworker.shared.0F000000-0200-0000-0000-000000000000) <Notice>: service state: spawn scheduled
2024-08-13 02:35:26.595420 (user/501/com.apple.mdworker.shared.0F000000-0200-0000-0000-000000000000) <Notice>: service state: spawning
2024-08-13 02:35:26.595449 (user/501/com.apple.mdworker.shared.0F000000-0200-0000-0000-000000000000) <Notice>: launching: ipc (mach)
2024-08-13 02:35:26.597089 (user/501/com.apple.mdworker.shared.0F000000-0200-0000-0000-000000000000 [92332]) <Notice>: xpcproxy spawned with pid 92332
2024-08-13 02:35:26.597125 (user/501/com.apple.mdworker.shared.0F000000-0200-0000-0000-000000000000 [92332]) <Notice>: internal event: SPAWNED, code = 0
2024-08-13 02:35:26.597129 (user/501/com.apple.mdworker.shared.0F000000-0200-0000-0000-000000000000 [92332]) <Notice>: service state: xpcproxy
2024-08-13 02:35:26.597143 (user/501/com.apple.mdworker.shared.0F000000-0200-0000-0000-000000000000 [92332]) <Notice>: internal event: SOURCE_ATTACH, code = 0
2024-08-13 02:35:26.607887 (user/501/com.apple.mdworker.shared.0F000000-0200-0000-0000-000000000000 [92332]) <Notice>: service state: running
2024-08-13 02:35:26.607904 (user/501/com.apple.mdworker.shared.0F000000-0200-0000-0000-000000000000 [92332]) <Notice>: internal event: INIT, code = 0
2024-08-13 02:35:26.607953 (user/501/com.apple.mdworker.shared.0F000000-0200-0000-0000-000000000000 [92332]) <Notice>: Successfully spawned mdworker_shared[92332] because ipc (mach)
2024-08-13 02:35:26.607968 (user/501/com.apple.mdworker.shared.10000000-0100-0000-0000-000000000000 [92331]) <Notice>: service state: running
2024-08-13 02:35:26.607971 (user/501/com.apple.mdworker.shared.10000000-0100-0000-0000-000000000000 [92331]) <Notice>: internal event: INIT, code = 0
2024-08-13 02:35:26.607976 (user/501/com.apple.mdworker.shared.10000000-0100-0000-0000-000000000000 [92331]) <Notice>: Successfully spawned mdworker_shared[92331] because ipc (mach)
2024-08-13 02:35:26.613766 (pid/92332 [mdworker_shared]) <Notice>: uncorking exec source upfront
2024-08-13 02:35:26.613791 (pid/92332 [mdworker_shared]) <Notice>: created
2024-08-13 02:35:26.613859 (pid/92331 [mdworker_shared]) <Notice>: uncorking exec source upfront
2024-08-13 02:35:26.613869 (pid/92331 [mdworker_shared]) <Notice>: created
2024-08-13 02:35:27.497842 (gui/501 [100005]) <Warning>: denied lookup: name = com.apple.contactsd.persistence, requestor = imagent[620], error = 159: Sandbox restriction
2024-08-13 02:35:27.501503 <Notice>: Last log repeated 1 times
2024-08-13 02:35:27.501480 (gui/501 [100005]) <Warning>: denied lookup: name = com.apple.contactsd.persistence, requestor = searchpartyuser[1094], error = 159: Sandbox restriction
2024-08-13 02:35:29.496155 <Notice>: Last log repeated 1 times
2024-08-13 02:35:29.496135 (system) <Warning>: failed lookup: name = com.apple.AppleLOM.Watchdog, flags = 0x1, requestor = watchdogd[112], error = 3: No such process
2024-08-13 02:35:30.503631 (gui/501 [100005]) <Warning>: denied lookup: name = com.apple.contactsd.persistence, requestor = imagent[620], error = 159: Sandbox restriction
2024-08-13 02:35:30.507014 <Notice>: Last log repeated 1 times
2024-08-13 02:35:30.506988 (gui/501 [100005]) <Warning>: denied lookup: name = com.apple.contactsd.persistence, requestor = searchpartyuser[1094], error = 159: Sandbox restriction
2024-08-13 02:35:31.336750 <Notice>: Last log repeated 1 times
2024-08-13 02:35:31.336508 (user/501/com.apple.mdworker.shared.01000000-0700-0000-0000-000000000000 [92291]) <Notice>: exited due to SIGKILL | sent by mds[116], ran for 53162ms
2024-08-13 02:35:31.336534 (user/501/com.apple.mdworker.shared.01000000-0700-0000-0000-000000000000 [92291]) <Notice>: service state: exited
2024-08-13 02:35:31.336553 (user/501/com.apple.mdworker.shared.01000000-0700-0000-0000-000000000000 [92291]) <Notice>: internal event: EXITED, code = 0
2024-08-13 02:35:31.336555 (user/501) <Notice>: service inactive: com.apple.mdworker.shared.01000000-0700-0000-0000-000000000000
2024-08-13 02:35:31.336557 (user/501) <Notice>: removing service: com.apple.mdworker.shared.01000000-0700-0000-0000-000000000000
2024-08-13 02:35:31.336584 (user/501/com.apple.mdworker.shared.01000000-0700-0000-0000-000000000000 [92291]) <Notice>: internal event: PETRIFIED, code = 0
2024-08-13 02:35:31.336591 (user/501/com.apple.mdworker.shared.01000000-0700-0000-0000-000000000000 [92291]) <Notice>: service state: not running
2024-08-13 02:35:31.336620 (pid/92291 [mdworker_shared]) <Notice>: shutting down
2024-08-13 02:35:31.336625 (pid/92291 [mdworker_shared]) <Notice>: cleaning up
2024-08-13 02:35:31.336702 (system) <Notice>: removing child: pid/92291
2024-08-13 02:35:31.340416 (user/501/com.apple.mdworker.shared.04000000-0700-0000-0000-000000000000 [92319]) <Notice>: exited due to SIGKILL | sent by mds[116], ran for 16628ms
2024-08-13 02:35:31.340429 (user/501/com.apple.mdworker.shared.04000000-0700-0000-0000-000000000000 [92319]) <Notice>: service state: exited
2024-08-13 02:35:31.340435 (user/501/com.apple.mdworker.shared.04000000-0700-0000-0000-000000000000 [92319]) <Notice>: internal event: EXITED, code = 0
2024-08-13 02:35:31.340437 (user/501) <Notice>: service inactive: com.apple.mdworker.shared.04000000-0700-0000-0000-000000000000
2024-08-13 02:35:31.340439 (user/501) <Notice>: removing service: com.apple.mdworker.shared.04000000-0700-0000-0000-000000000000
2024-08-13 02:35:31.340450 (user/501/com.apple.mdworker.shared.04000000-0700-0000-0000-000000000000 [92319]) <Notice>: internal event: PETRIFIED, code = 0
2024-08-13 02:35:31.340453 (user/501/com.apple.mdworker.shared.04000000-0700-0000-0000-000000000000 [92319]) <Notice>: service state: not running
2024-08-13 02:35:31.340465 (pid/92319 [mdworker_shared]) <Notice>: shutting down
2024-08-13 02:35:31.340470 (pid/92319 [mdworker_shared]) <Notice>: cleaning up
2024-08-13 02:35:31.340518 (system) <Notice>: removing child: pid/92319
2024-08-13 02:35:31.931884 (user/501/com.apple.mdworker.shared.01000000-0000-0000-0000-000000000000) <Notice>: internal event: WILL_SPAWN, code = 0
2024-08-13 02:35:31.931898 (user/501/com.apple.mdworker.shared.01000000-0000-0000-0000-000000000000) <Notice>: service state: spawn scheduled
2024-08-13 02:35:31.931900 (user/501/com.apple.mdworker.shared.01000000-0000-0000-0000-000000000000) <Notice>: service state: spawning
2024-08-13 02:35:31.931942 (user/501/com.apple.mdworker.shared.01000000-0000-0000-0000-000000000000) <Notice>: launching: ipc (mach)
2024-08-13 02:35:31.933031 (user/501/com.apple.mdworker.shared.01000000-0000-0000-0000-000000000000 [92340]) <Notice>: xpcproxy spawned with pid 92340
2024-08-13 02:35:31.933048 (user/501/com.apple.mdworker.shared.01000000-0000-0000-0000-000000000000 [92340]) <Notice>: internal event: SPAWNED, code = 0
2024-08-13 02:35:31.933052 (user/501/com.apple.mdworker.shared.01000000-0000-0000-0000-000000000000 [92340]) <Notice>: service state: xpcproxy
2024-08-13 02:35:31.933091 (user/501/com.apple.mdworker.shared.01000000-0000-0000-0000-000000000000 [92340]) <Notice>: internal event: SOURCE_ATTACH, code = 0
2024-08-13 02:35:31.936133 (user/501/com.apple.mdworker.shared.04000000-0000-0000-0000-000000000000) <Notice>: internal event: WILL_SPAWN, code = 0
2024-08-13 02:35:31.936143 (user/501/com.apple.mdworker.shared.04000000-0000-0000-0000-000000000000) <Notice>: service state: spawn scheduled
2024-08-13 02:35:31.936145 (user/501/com.apple.mdworker.shared.04000000-0000-0000-0000-000000000000) <Notice>: service state: spawning
2024-08-13 02:35:31.936176 (user/501/com.apple.mdworker.shared.04000000-0000-0000-0000-000000000000) <Notice>: launching: ipc (mach)
2024-08-13 02:35:31.936690 (user/501/com.apple.mdworker.shared.04000000-0000-0000-0000-000000000000 [92341]) <Notice>: xpcproxy spawned with pid 92341
2024-08-13 02:35:31.936703 (user/501/com.apple.mdworker.shared.04000000-0000-0000-0000-000000000000 [92341]) <Notice>: internal event: SPAWNED, code = 0
2024-08-13 02:35:31.936705 (user/501/com.apple.mdworker.shared.04000000-0000-0000-0000-000000000000 [92341]) <Notice>: service state: xpcproxy
2024-08-13 02:35:31.936714 (user/501/com.apple.mdworker.shared.04000000-0000-0000-0000-000000000000 [92341]) <Notice>: internal event: SOURCE_ATTACH, code = 0
2024-08-13 02:35:31.943498 (user/501/com.apple.mdworker.shared.01000000-0000-0000-0000-000000000000 [92340]) <Notice>: service state: running
2024-08-13 02:35:31.943510 (user/501/com.apple.mdworker.shared.01000000-0000-0000-0000-000000000000 [92340]) <Notice>: internal event: INIT, code = 0
2024-08-13 02:35:31.943580 (user/501/com.apple.mdworker.shared.01000000-0000-0000-0000-000000000000 [92340]) <Notice>: Successfully spawned mdworker_shared[92340] because ipc (mach)
2024-08-13 02:35:31.943589 (user/501/com.apple.mdworker.shared.04000000-0000-0000-0000-000000000000 [92341]) <Notice>: service state: running
2024-08-13 02:35:31.943591 (user/501/com.apple.mdworker.shared.04000000-0000-0000-0000-000000000000 [92341]) <Notice>: internal event: INIT, code = 0
2024-08-13 02:35:31.943595 (user/501/com.apple.mdworker.shared.04000000-0000-0000-0000-000000000000 [92341]) <Notice>: Successfully spawned mdworker_shared[92341] because ipc (mach)
2024-08-13 02:35:31.950884 (pid/92340 [mdworker_shared]) <Notice>: uncorking exec source upfront
2024-08-13 02:35:31.950946 (pid/92340 [mdworker_shared]) <Notice>: created
2024-08-13 02:35:31.951015 (pid/92341 [mdworker_shared]) <Notice>: uncorking exec source upfront
2024-08-13 02:35:31.951023 (pid/92341 [mdworker_shared]) <Notice>: created
2024-08-13 02:35:33.506697 (gui/501 [100005]) <Warning>: denied lookup: name = com.apple.contactsd.persistence, requestor = imagent[620], error = 159: Sandbox restriction
2024-08-13 02:35:33.512644 <Notice>: Last log repeated 1 times
2024-08-13 02:35:33.512624 (gui/501 [100005]) <Warning>: denied lookup: name = com.apple.contactsd.persistence, requestor = searchpartyuser[1094], error = 159: Sandbox restriction
2024-08-13 02:35:34.591315 <Notice>: Last log repeated 1 times
2024-08-13 02:35:34.590711 (gui/501 [100005]) <Notice>: service inactive: com.apple.xpc.launchd.unmanaged.com.apple.WebKi.92322
2024-08-13 02:35:34.590727 (gui/501 [100005]) <Notice>: removing inactive unmanaged service: com.apple.xpc.launchd.unmanaged.com.apple.WebKi.92322
2024-08-13 02:35:34.594283 (pid/74356/com.apple.WebKit.WebContent.8151F0B7-50D7-463A-8A92-E9513062E1ED [92322]) <Notice>: exited due to exit(0), ran for 15002ms
2024-08-13 02:35:34.594297 (pid/74356/com.apple.WebKit.WebContent.8151F0B7-50D7-463A-8A92-E9513062E1ED [92322]) <Notice>: service state: exited
2024-08-13 02:35:34.594309 (pid/74356/com.apple.WebKit.WebContent.8151F0B7-50D7-463A-8A92-E9513062E1ED [92322]) <Notice>: internal event: EXITED, code = 0
2024-08-13 02:35:34.594312 (pid/74356/com.apple.WebKit.WebContent.8151F0B7-50D7-463A-8A92-E9513062E1ED [92322]) <Notice>: job state = exited
2024-08-13 02:35:34.594344 (pid/74356 [nsattributedstr]) <Notice>: service inactive: com.apple.WebKit.WebContent.8151F0B7-50D7-463A-8A92-E9513062E1ED
2024-08-13 02:35:34.594357 (pid/74356/com.apple.WebKit.WebContent.8151F0B7-50D7-463A-8A92-E9513062E1ED [92322]) <Notice>: internal event: PETRIFIED, code = 0
2024-08-13 02:35:34.594359 (pid/74356/com.apple.WebKit.WebContent.8151F0B7-50D7-463A-8A92-E9513062E1ED [92322]) <Notice>: job state = removed
2024-08-13 02:35:34.594376 (pid/74356/com.apple.WebKit.WebContent.8151F0B7-50D7-463A-8A92-E9513062E1ED [92322]) <Notice>: service state: not running
2024-08-13 02:35:34.594392 (pid/92322 [com.apple.WebKi]) <Notice>: shutting down
2024-08-13 02:35:34.594508 (pid/92322 [com.apple.WebKi]) <Notice>: cleaning up
2024-08-13 02:35:34.594516 (system) <Notice>: removing child: pid/92322
2024-08-13 02:35:34.594640 (pid/74356/com.apple.WebKit.Networking.B998761D-4FB2-4388-A6D6-93D2A6ABE2DF [92323]) <Notice>: exited due to exit(0), ran for 14983ms
2024-08-13 02:35:34.594643 (pid/74356/com.apple.WebKit.Networking.B998761D-4FB2-4388-A6D6-93D2A6ABE2DF [92323]) <Notice>: service state: exited
2024-08-13 02:35:34.594650 (pid/74356/com.apple.WebKit.Networking.B998761D-4FB2-4388-A6D6-93D2A6ABE2DF [92323]) <Notice>: internal event: EXITED, code = 0
2024-08-13 02:35:34.594653 (pid/74356/com.apple.WebKit.Networking.B998761D-4FB2-4388-A6D6-93D2A6ABE2DF [92323]) <Notice>: job state = exited
2024-08-13 02:35:34.594676 (pid/74356 [nsattributedstr]) <Notice>: service inactive: com.apple.WebKit.Networking.B998761D-4FB2-4388-A6D6-93D2A6ABE2DF
2024-08-13 02:35:34.594686 (pid/74356/com.apple.WebKit.Networking.B998761D-4FB2-4388-A6D6-93D2A6ABE2DF [92323]) <Notice>: internal event: PETRIFIED, code = 0
2024-08-13 02:35:34.594693 (pid/74356/com.apple.WebKit.Networking.B998761D-4FB2-4388-A6D6-93D2A6ABE2DF [92323]) <Notice>: job state = removed
2024-08-13 02:35:34.594702 (pid/74356/com.apple.WebKit.Networking.B998761D-4FB2-4388-A6D6-93D2A6ABE2DF [92323]) <Notice>: service state: not running
2024-08-13 02:35:34.594715 (pid/92323 [com.apple.WebKi]) <Notice>: shutting down
2024-08-13 02:35:34.594749 (pid/92323 [com.apple.WebKi]) <Notice>: cleaning up
2024-08-13 02:35:34.594761 (system) <Notice>: removing child: pid/92323
2024-08-13 02:35:34.607889 (user/501) <Warning>: denied lookup: name = com.apple.lsd.mapdb, requestor = webinspectord[33880], error = 159: Sandbox restriction
2024-08-13 02:35:35.486375 <Notice>: Last log repeated 4 times
2024-08-13 02:35:35.486316 (user/501/com.apple.mdworker.shared.0E000000-0500-0000-0000-000000000000 [92292]) <Notice>: exited due to SIGKILL | sent by mds[116], ran for 57309ms
2024-08-13 02:35:35.486339 (user/501/com.apple.mdworker.shared.0E000000-0500-0000-0000-000000000000 [92292]) <Notice>: service state: exited
2024-08-13 02:35:35.486351 (user/501/com.apple.mdworker.shared.0E000000-0500-0000-0000-000000000000 [92292]) <Notice>: internal event: EXITED, code = 0
2024-08-13 02:35:35.486355 (user/501) <Notice>: service inactive: com.apple.mdworker.shared.0E000000-0500-0000-0000-000000000000
2024-08-13 02:35:35.486359 (user/501) <Notice>: removing service: com.apple.mdworker.shared.0E000000-0500-0000-0000-000000000000
2024-08-13 02:35:35.486379 (user/501/com.apple.mdworker.shared.0E000000-0500-0000-0000-000000000000 [92292]) <Notice>: internal event: PETRIFIED, code = 0
2024-08-13 02:35:35.486386 (user/501/com.apple.mdworker.shared.0E000000-0500-0000-0000-000000000000 [92292]) <Notice>: service state: not running
2024-08-13 02:35:35.486435 (pid/92292 [mdworker_shared]) <Notice>: shutting down
2024-08-13 02:35:35.486444 (pid/92292 [mdworker_shared]) <Notice>: cleaning up
2024-08-13 02:35:35.486531 (system) <Notice>: removing child: pid/92292
2024-08-13 02:35:35.497321 (user/501/com.apple.mdworker.shared.08000000-0300-0000-0000-000000000000 [92301]) <Notice>: exited due to SIGKILL | sent by mds[116], ran for 49924ms
2024-08-13 02:35:35.497340 (user/501/com.apple.mdworker.shared.08000000-0300-0000-0000-000000000000 [92301]) <Notice>: service state: exited
2024-08-13 02:35:35.497348 (user/501/com.apple.mdworker.shared.08000000-0300-0000-0000-000000000000 [92301]) <Notice>: internal event: EXITED, code = 0
2024-08-13 02:35:35.497352 (user/501) <Notice>: service inactive: com.apple.mdworker.shared.08000000-0300-0000-0000-000000000000
2024-08-13 02:35:35.497355 (user/501) <Notice>: removing service: com.apple.mdworker.shared.08000000-0300-0000-0000-000000000000
2024-08-13 02:35:35.497372 (user/501/com.apple.mdworker.shared.08000000-0300-0000-0000-000000000000 [92301]) <Notice>: internal event: PETRIFIED, code = 0
2024-08-13 02:35:35.497377 (user/501/com.apple.mdworker.shared.08000000-0300-0000-0000-000000000000 [92301]) <Notice>: service state: not running
2024-08-13 02:35:35.497397 (pid/92301 [mdworker_shared]) <Notice>: shutting down
2024-08-13 02:35:35.497422 (pid/92301 [mdworker_shared]) <Notice>: cleaning up
2024-08-13 02:35:35.497494 (user/501/com.apple.mdworker.shared.0B000000-0000-0000-0000-000000000000 [92300]) <Notice>: exited due to SIGKILL | sent by mds[116], ran for 49924ms
2024-08-13 02:35:35.497499 (user/501/com.apple.mdworker.shared.0B000000-0000-0000-0000-000000000000 [92300]) <Notice>: service state: exited
2024-08-13 02:35:35.497505 (user/501/com.apple.mdworker.shared.0B000000-0000-0000-0000-000000000000 [92300]) <Notice>: internal event: EXITED, code = 0
2024-08-13 02:35:35.497508 (user/501) <Notice>: service inactive: com.apple.mdworker.shared.0B000000-0000-0000-0000-000000000000
2024-08-13 02:35:35.497510 (user/501) <Notice>: removing service: com.apple.mdworker.shared.0B000000-0000-0000-0000-000000000000
2024-08-13 02:35:35.497523 (user/501/com.apple.mdworker.shared.0B000000-0000-0000-0000-000000000000 [92300]) <Notice>: internal event: PETRIFIED, code = 0
2024-08-13 02:35:35.497528 (user/501/com.apple.mdworker.shared.0B000000-0000-0000-0000-000000000000 [92300]) <Notice>: service state: not running
2024-08-13 02:35:35.497603 (pid/92300 [mdworker_shared]) <Notice>: shutting down
2024-08-13 02:35:35.497609 (pid/92300 [mdworker_shared]) <Notice>: cleaning up
2024-08-13 02:35:35.497618 (system) <Notice>: removing child: pid/92301
2024-08-13 02:35:35.497646 (system) <Notice>: removing child: pid/92300
2024-08-13 02:35:35.577970 (user/501/com.apple.mdworker.shared.0D000000-0300-0000-0000-000000000000 [92311]) <Notice>: exited due to SIGKILL | sent by mds[116], ran for 42082ms
2024-08-13 02:35:35.577990 (user/501/com.apple.mdworker.shared.0D000000-0300-0000-0000-000000000000 [92311]) <Notice>: service state: exited
2024-08-13 02:35:35.577999 (user/501/com.apple.mdworker.shared.0D000000-0300-0000-0000-000000000000 [92311]) <Notice>: internal event: EXITED, code = 0
2024-08-13 02:35:35.578003 (user/501) <Notice>: service inactive: com.apple.mdworker.shared.0D000000-0300-0000-0000-000000000000
2024-08-13 02:35:35.578006 (user/501) <Notice>: removing service: com.apple.mdworker.shared.0D000000-0300-0000-0000-000000000000
2024-08-13 02:35:35.578022 (user/501/com.apple.mdworker.shared.0D000000-0300-0000-0000-000000000000 [92311]) <Notice>: internal event: PETRIFIED, code = 0
2024-08-13 02:35:35.578025 (user/501/com.apple.mdworker.shared.0D000000-0300-0000-0000-000000000000 [92311]) <Notice>: service state: not running
2024-08-13 02:35:35.578041 (pid/92311 [mdworker_shared]) <Notice>: shutting down
2024-08-13 02:35:35.578047 (pid/92311 [mdworker_shared]) <Notice>: cleaning up
2024-08-13 02:35:35.578109 (system) <Notice>: removing child: pid/92311
2024-08-13 02:35:36.056346 (user/501) <Warning>: failed lookup: name = com.apple.tiswitcher.fromuiserver, flags = 0x1, requestor = CursorUIViewSer[693], error = 3: No such process
2024-08-13 02:35:36.512722 <Notice>: Last log repeated 4 times
2024-08-13 02:35:36.512690 (gui/501 [100005]) <Warning>: denied lookup: name = com.apple.contactsd.persistence, requestor = imagent[620], error = 159: Sandbox restriction
2024-08-13 02:35:36.514556 <Notice>: Last log repeated 1 times
2024-08-13 02:35:36.514528 (gui/501 [100005]) <Warning>: denied lookup: name = com.apple.contactsd.persistence, requestor = searchpartyuser[1094], error = 159: Sandbox restriction
2024-08-13 02:35:36.745628 <Notice>: Last log repeated 1 times
2024-08-13 02:35:36.745610 (system) <Warning>: denied lookup: name = com.apple.tccd.system, flags = 0x8, requestor = iconservicesage[74259], error = 159: Sandbox restriction
2024-08-13 02:35:36.745818 <Notice>: Last log repeated 1 times
2024-08-13 02:35:36.745807 (gui/501 [100005]) <Warning>: denied lookup: name = com.apple.windowserver.active, flags = 0x9, requestor = iconservicesage[74259], error = 159: Sandbox restriction
2024-08-13 02:35:36.755585 <Notice>: Last log repeated 1 times
2024-08-13 02:35:36.755565 (pid/74259 [iconservicesage]) <Notice>: uncorking domain
2024-08-13 02:35:36.755848 (pid/74259 [iconservicesage]) <Notice>: Service stub created for com.apple.PerfPowerTelemetryClientRegistrationService
2024-08-13 02:35:36.755907 (pid/74259 [iconservicesage]) <Notice>: Service stub created for com.apple.foundation.UserScriptService
2024-08-13 02:35:36.755989 (pid/74259 [iconservicesage]) <Notice>: Service stub created for com.apple.CoreGraphics.CGPDFService
2024-08-13 02:35:36.756001 (pid/74259 [iconservicesage]) <Notice>: Service stub created for com.apple.ImageIOXPCService
2024-08-13 02:35:36.756010 (pid/74259 [iconservicesage]) <Notice>: Service stub created for com.apple.speech.SpeechSynthesisServerXPC
2024-08-13 02:35:36.756118 (pid/74259 [iconservicesage]) <Notice>: Service stub created for com.apple.audio.Core-Audio-Driver-Service.helper
2024-08-13 02:35:36.756123 (pid/74259 [iconservicesage]) <Notice>: Service stub created for com.apple.audio.Core-Audio-Driver-Service
2024-08-13 02:35:36.756125 (pid/74259 [iconservicesage]) <Notice>: Service stub created for com.apple.audio.DriverHelper
2024-08-13 02:35:36.756134 (pid/74259 [iconservicesage]) <Notice>: Service stub created for com.apple.extensionkitservice
2024-08-13 02:35:36.756213 (pid/74259 [iconservicesage]) <Notice>: Service stub created for com.apple.CoreDisplay.XPCService
2024-08-13 02:35:36.756226 (pid/74259 [iconservicesage]) <Notice>: Service stub created for com.apple.CMValidateMovieDataReferenceService
2024-08-13 02:35:36.756262 (pid/74259 [iconservicesage]) <Notice>: Service stub created for com.apple.audio.AUHostingService.x86-64
2024-08-13 02:35:36.756265 (pid/74259 [iconservicesage]) <Notice>: Service stub created for com.apple.audio.AUHostingService.arm64e
2024-08-13 02:35:36.756266 (pid/74259 [iconservicesage]) <Notice>: Service stub created for com.apple.audio.AudioConverterService
2024-08-13 02:35:36.756275 (pid/74259 [iconservicesage]) <Notice>: Service stub created for com.apple.audio.CarbonComponentScanner.x86-64
2024-08-13 02:35:36.756279 (pid/74259 [iconservicesage]) <Notice>: Service stub created for com.apple.audio.ComponentTagHelper
2024-08-13 02:35:36.756281 (pid/74259 [iconservicesage]) <Notice>: Service stub created for com.apple.audio.InfoHelper
2024-08-13 02:35:36.756285 (pid/74259 [iconservicesage]) <Notice>: Service stub created for com.apple.audio.SandboxHelper
2024-08-13 02:35:36.756349 (pid/74259 [iconservicesage]) <Notice>: Service stub created for com.apple.coremedia.videodecoder
2024-08-13 02:35:36.756352 (pid/74259 [iconservicesage]) <Notice>: Service stub created for com.apple.coremedia.videodecoder.zonto
2024-08-13 02:35:36.756355 (pid/74259 [iconservicesage]) <Notice>: Service stub created for com.apple.coremedia.videoencoder
2024-08-13 02:35:36.756357 (pid/74259 [iconservicesage]) <Notice>: Service stub created for com.apple.coremedia.videoencoder.zonto
2024-08-13 02:35:36.756438 (pid/74259 [iconservicesage]) <Notice>: Service stub created for com.apple.ColorSyncXPCAgent
2024-08-13 02:35:36.756535 (pid/74259 [iconservicesage]) <Notice>: Service stub created for com.apple.security.XPCAcmeService
2024-08-13 02:35:36.756598 (pid/74259 [iconservicesage]) <Notice>: Service stub created for com.apple.MTLCompilerService
2024-08-13 02:35:36.756762 (pid/74259 [iconservicesage]) <Notice>: Service stub initialized for com.apple.MTLCompilerService
2024-08-13 02:35:36.756769 (pid/74259/com.apple.MTLCompilerService) <Notice>: initialized endpoint after lookup
2024-08-13 02:35:36.756832 (pid/74259/com.apple.MTLCompilerService.9423A89C-3BB3-4E59-BDE4-D32D0EC7CB1B) <Notice>: internal event: WILL_SPAWN, code = 0
2024-08-13 02:35:36.756833 (pid/74259/com.apple.MTLCompilerService.9423A89C-3BB3-4E59-BDE4-D32D0EC7CB1B) <Notice>: service state: spawn scheduled
2024-08-13 02:35:36.756834 (pid/74259/com.apple.MTLCompilerService.9423A89C-3BB3-4E59-BDE4-D32D0EC7CB1B) <Notice>: service state: spawning
2024-08-13 02:35:36.756841 (pid/74259/com.apple.MTLCompilerService.9423A89C-3BB3-4E59-BDE4-D32D0EC7CB1B) <Notice>: launching: ipc (mach)
2024-08-13 02:35:36.757353 (pid/74259/com.apple.MTLCompilerService.9423A89C-3BB3-4E59-BDE4-D32D0EC7CB1B [92342]) <Notice>: xpcproxy spawned with pid 92342
2024-08-13 02:35:36.757362 (pid/74259/com.apple.MTLCompilerService.9423A89C-3BB3-4E59-BDE4-D32D0EC7CB1B [92342]) <Notice>: internal event: SPAWNED, code = 0
2024-08-13 02:35:36.757362 (pid/74259/com.apple.MTLCompilerService.9423A89C-3BB3-4E59-BDE4-D32D0EC7CB1B [92342]) <Notice>: service state: xpcproxy
2024-08-13 02:35:36.757389 (pid/74259/com.apple.MTLCompilerService.9423A89C-3BB3-4E59-BDE4-D32D0EC7CB1B [92342]) <Notice>: internal event: SOURCE_ATTACH, code = 0
2024-08-13 02:35:36.757409 (pid/74259/com.apple.MTLCompilerService.B1695EA5-BF8F-4F4E-A20D-72ACA078E753) <Notice>: internal event: WILL_SPAWN, code = 0
2024-08-13 02:35:36.757410 (pid/74259/com.apple.MTLCompilerService.B1695EA5-BF8F-4F4E-A20D-72ACA078E753) <Notice>: service state: spawn scheduled
2024-08-13 02:35:36.757411 (pid/74259/com.apple.MTLCompilerService.B1695EA5-BF8F-4F4E-A20D-72ACA078E753) <Notice>: service state: spawning
2024-08-13 02:35:36.757415 (pid/74259/com.apple.MTLCompilerService.B1695EA5-BF8F-4F4E-A20D-72ACA078E753) <Notice>: launching: ipc (mach)
2024-08-13 02:35:36.757597 (pid/74259/com.apple.MTLCompilerService.B1695EA5-BF8F-4F4E-A20D-72ACA078E753 [92343]) <Notice>: xpcproxy spawned with pid 92343
2024-08-13 02:35:36.757603 (pid/74259/com.apple.MTLCompilerService.B1695EA5-BF8F-4F4E-A20D-72ACA078E753 [92343]) <Notice>: internal event: SPAWNED, code = 0
2024-08-13 02:35:36.757603 (pid/74259/com.apple.MTLCompilerService.B1695EA5-BF8F-4F4E-A20D-72ACA078E753 [92343]) <Notice>: service state: xpcproxy
2024-08-13 02:35:36.757607 (pid/74259/com.apple.MTLCompilerService.B1695EA5-BF8F-4F4E-A20D-72ACA078E753 [92343]) <Notice>: internal event: SOURCE_ATTACH, code = 0
2024-08-13 02:35:36.764083 (pid/74259/com.apple.MTLCompilerService.9423A89C-3BB3-4E59-BDE4-D32D0EC7CB1B [92342]) <Notice>: service state: running
2024-08-13 02:35:36.764097 (pid/74259/com.apple.MTLCompilerService.9423A89C-3BB3-4E59-BDE4-D32D0EC7CB1B [92342]) <Notice>: internal event: INIT, code = 0
2024-08-13 02:35:36.764124 (pid/74259/com.apple.MTLCompilerService.9423A89C-3BB3-4E59-BDE4-D32D0EC7CB1B [92342]) <Notice>: Successfully spawned MTLCompilerService[92342] because ipc (mach)
2024-08-13 02:35:36.764137 (pid/74259/com.apple.MTLCompilerService.B1695EA5-BF8F-4F4E-A20D-72ACA078E753 [92343]) <Notice>: service state: running
2024-08-13 02:35:36.764139 (pid/74259/com.apple.MTLCompilerService.B1695EA5-BF8F-4F4E-A20D-72ACA078E753 [92343]) <Notice>: internal event: INIT, code = 0
2024-08-13 02:35:36.764144 (pid/74259/com.apple.MTLCompilerService.B1695EA5-BF8F-4F4E-A20D-72ACA078E753 [92343]) <Notice>: Successfully spawned MTLCompilerService[92343] because ipc (mach)
2024-08-13 02:35:36.769217 (pid/92342 [MTLCompilerServ]) <Notice>: uncorking exec source upfront
2024-08-13 02:35:36.769226 (pid/92342 [MTLCompilerServ]) <Notice>: created
2024-08-13 02:35:36.769291 (pid/92343 [MTLCompilerServ]) <Notice>: uncorking exec source upfront
2024-08-13 02:35:36.769297 (pid/92343 [MTLCompilerServ]) <Notice>: created
2024-08-13 02:35:36.789485 (pid/92342 [MTLCompilerServ]) <Notice>: uncorking domain
2024-08-13 02:35:36.789738 (pid/92342 [MTLCompilerServ]) <Notice>: Service stub created for com.apple.foundation.UserScriptService
2024-08-13 02:35:36.790064 (pid/92342 [MTLCompilerServ]) <Notice>: Service stub created for com.apple.security.XPCAcmeService
2024-08-13 02:35:36.790197 (pid/92343 [MTLCompilerServ]) <Notice>: uncorking domain
2024-08-13 02:35:36.790365 (pid/92343 [MTLCompilerServ]) <Notice>: Service stub created for com.apple.foundation.UserScriptService
2024-08-13 02:35:36.790638 (pid/92343 [MTLCompilerServ]) <Notice>: Service stub created for com.apple.security.XPCAcmeService
2024-08-13 02:35:36.791183 (pid/92342 [MTLCompilerServ]) <Notice>: Service stub created for com.apple.MTLCompilerService
2024-08-13 02:35:36.791227 (pid/92343 [MTLCompilerServ]) <Notice>: Service stub created for com.apple.MTLCompilerService
2024-08-13 02:35:36.838516 (system/com.apple.iconservices.iconservicesd) <Notice>: internal event: WILL_SPAWN, code = 0
2024-08-13 02:35:36.838526 (system/com.apple.iconservices.iconservicesd) <Notice>: service state: spawn scheduled
2024-08-13 02:35:36.838526 (system/com.apple.iconservices.iconservicesd) <Notice>: service state: spawning
2024-08-13 02:35:36.838538 (system/com.apple.iconservices.iconservicesd) <Notice>: launching: ipc (mach)
2024-08-13 02:35:36.838920 (system/com.apple.iconservices.iconservicesd [92344]) <Notice>: xpcproxy spawned with pid 92344
2024-08-13 02:35:36.838929 (system/com.apple.iconservices.iconservicesd [92344]) <Notice>: internal event: SPAWNED, code = 0
2024-08-13 02:35:36.838933 (system/com.apple.iconservices.iconservicesd [92344]) <Notice>: service state: xpcproxy
2024-08-13 02:35:36.838956 (system/com.apple.iconservices.iconservicesd [92344]) <Notice>: internal event: SOURCE_ATTACH, code = 0
2024-08-13 02:35:36.846195 (system/com.apple.iconservices.iconservicesd [92344]) <Notice>: service state: running
2024-08-13 02:35:36.846208 (system/com.apple.iconservices.iconservicesd [92344]) <Notice>: internal event: INIT, code = 0
2024-08-13 02:35:36.846246 (system/com.apple.iconservices.iconservicesd [92344]) <Notice>: Successfully spawned iconservicesd[92344] because ipc (mach)
2024-08-13 02:35:36.850841 (pid/92344 [iconservicesd]) <Notice>: uncorking exec source upfront
2024-08-13 02:35:36.850859 (pid/92344 [iconservicesd]) <Notice>: created
2024-08-13 02:35:37.465842 (user/501) <Warning>: failed lookup: name = com.apple.tiswitcher.fromuiserver, flags = 0x1, requestor = CursorUIViewSer[693], error = 3: No such process
2024-08-13 02:35:37.466398 (gui/501/application.com.apple.Console.1152921500311911941.1152921500311911946) <Notice>: internal event: WILL_SPAWN, code = 0
2024-08-13 02:35:37.466409 (gui/501/application.com.apple.Console.1152921500311911941.1152921500311911946) <Notice>: service state: spawn scheduled
2024-08-13 02:35:37.466410 (gui/501/application.com.apple.Console.1152921500311911941.1152921500311911946) <Notice>: service state: spawning
2024-08-13 02:35:37.466549 <Notice>: Coalition Cache Evicted: app<application.com.microsoft.VSCode.84339088.84339094.0A11362D-55B9-4CDD-9BCB-BC83856469A5(501)> [71920]
2024-08-13 02:35:37.466572 (gui/501/application.com.apple.Console.1152921500311911941.1152921500311911946) <Notice>: launching: launch job demand
2024-08-13 02:35:37.467000 (gui/501/application.com.apple.Console.1152921500311911941.1152921500311911946 [92345]) <Notice>: xpcproxy spawned with pid 92345
2024-08-13 02:35:37.467013 (gui/501/application.com.apple.Console.1152921500311911941.1152921500311911946 [92345]) <Notice>: internal event: SPAWNED, code = 0
2024-08-13 02:35:37.467017 (gui/501/application.com.apple.Console.1152921500311911941.1152921500311911946 [92345]) <Notice>: service state: xpcproxy
2024-08-13 02:35:37.467043 (gui/501/application.com.apple.Console.1152921500311911941.1152921500311911946 [92345]) <Notice>: internal event: SOURCE_ATTACH, code = 0
2024-08-13 02:35:37.473433 (gui/501/application.com.apple.Console.1152921500311911941.1152921500311911946 [92345]) <Notice>: service state: running
2024-08-13 02:35:37.473444 (gui/501/application.com.apple.Console.1152921500311911941.1152921500311911946 [92345]) <Notice>: internal event: INIT, code = 0
2024-08-13 02:35:37.473446 (gui/501/application.com.apple.Console.1152921500311911941.1152921500311911946 [92345]) <Notice>: job state = running
2024-08-13 02:35:37.473501 (gui/501/application.com.apple.Console.1152921500311911941.1152921500311911946 [92345]) <Notice>: Successfully spawned Console[92345] because launch job demand
2024-08-13 02:35:37.485649 (pid/92345 [Console]) <Notice>: uncorking exec source upfront
2024-08-13 02:35:37.485670 (pid/92345 [Console]) <Notice>: created
2024-08-13 02:35:37.547331 (gui/501 [100005]) <Notice>: could not find endpoint in pid namespace: pid = 92345, name = com.apple.axserver
2024-08-13 02:35:37.556816 <Notice>: Last log repeated 1 times
2024-08-13 02:35:37.547363 (system) <Notice>: could not find endpoint in pid namespace: pid = 92345, name = com.apple.axserver
2024-08-13 02:35:37.547371 (gui/501 [100005]) <Warning>: failed lookup: name = com.apple.axserver, handle = 92345, flags = 0x3, requestor = Rectangle[1047], error = 3: No such process
2024-08-13 02:35:37.547460 (gui/501 [100005]) <Notice>: could not find endpoint in pid namespace: pid = 92345, name = com.apple.axserver
2024-08-13 02:35:37.557174 <Notice>: Last log repeated 1 times
2024-08-13 02:35:37.547469 (system) <Notice>: could not find endpoint in pid namespace: pid = 92345, name = com.apple.axserver
2024-08-13 02:35:37.547476 (gui/501 [100005]) <Warning>: failed lookup: name = com.apple.axserver, handle = 92345, flags = 0x3, requestor = Rectangle[1047], error = 3: No such process
2024-08-13 02:35:37.547562 (gui/501 [100005]) <Notice>: could not find endpoint in pid namespace: pid = 92345, name = com.apple.axserver
2024-08-13 02:35:37.557435 <Notice>: Last log repeated 1 times
2024-08-13 02:35:37.547569 (system) <Notice>: could not find endpoint in pid namespace: pid = 92345, name = com.apple.axserver
2024-08-13 02:35:37.547574 (gui/501 [100005]) <Warning>: failed lookup: name = com.apple.axserver, handle = 92345, flags = 0x3, requestor = Rectangle[1047], error = 3: No such process
2024-08-13 02:35:37.547647 (gui/501 [100005]) <Notice>: could not find endpoint in pid namespace: pid = 92345, name = com.apple.axserver
2024-08-13 02:35:37.557675 <Notice>: Last log repeated 1 times
2024-08-13 02:35:37.547655 (system) <Notice>: could not find endpoint in pid namespace: pid = 92345, name = com.apple.axserver
2024-08-13 02:35:37.547686 (gui/501 [100005]) <Warning>: failed lookup: name = com.apple.axserver, handle = 92345, flags = 0x3, requestor = Rectangle[1047], error = 3: No such process
2024-08-13 02:35:37.702253 (pid/92345 [Console]) <Notice>: uncorking domain
2024-08-13 02:35:37.702406 (pid/92345 [Console]) <Notice>: Service stub created for com.apple.appkit.xpc.ColorPickerImageLoader
2024-08-13 02:35:37.702416 (pid/92345 [Console]) <Notice>: Service stub created for com.apple.appkit.xpc.defaultSyncService
2024-08-13 02:35:37.702419 (pid/92345 [Console]) <Notice>: Service stub created for com.apple.appkit.xpc.documentPopoverViewService
2024-08-13 02:35:37.702422 (pid/92345 [Console]) <Notice>: Service stub created for com.apple.appkit.xpc.LegacyExternalColorPickerService.arm64
2024-08-13 02:35:37.702427 (pid/92345 [Console]) <Notice>: Service stub created for com.apple.appkit.xpc.LegacyExternalColorPickerService.x86_64
2024-08-13 02:35:37.702429 (pid/92345 [Console]) <Notice>: Service stub created for com.apple.MediaLibraryBrowser
2024-08-13 02:35:37.702433 (pid/92345 [Console]) <Notice>: Service stub created for com.apple.appkit.xpc.sandboxedServiceRunner
2024-08-13 02:35:37.702435 (pid/92345 [Console]) <Notice>: Service stub created for com.apple.appkit.xpc.ThemeWidgetControlViewService
2024-08-13 02:35:37.702437 (pid/92345 [Console]) <Notice>: Service stub created for com.apple.xpc.TypographyPanelService
2024-08-13 02:35:37.702439 (pid/92345 [Console]) <Notice>: Service stub created for com.apple.automator.xpc.workflowServiceRunner
2024-08-13 02:35:37.702441 (pid/92345 [Console]) <Notice>: Service stub created for com.apple.appkit.xpc.VersionsUIHelper
2024-08-13 02:35:37.702444 (pid/92345 [Console]) <Notice>: Service stub created for com.apple.appkit.xpc.openAndSavePanelService
2024-08-13 02:35:37.702589 (pid/92345 [Console]) <Notice>: Service stub created for com.apple.PerfPowerTelemetryClientRegistrationService
2024-08-13 02:35:37.702626 (pid/92345 [Console]) <Notice>: Service stub created for com.apple.CGXPCServicesAgent
2024-08-13 02:35:37.702684 (pid/92345 [Console]) <Notice>: Service stub created for com.apple.foundation.UserScriptService
2024-08-13 02:35:37.702695 (pid/92345 [Console]) <Notice>: Service stub created for com.apple.CoreGraphics.CGPDFService
2024-08-13 02:35:37.702788 (pid/92345 [Console]) <Notice>: Service stub created for com.apple.ImageIOXPCService
2024-08-13 02:35:37.702795 (pid/92345 [Console]) <Notice>: Service stub created for com.apple.speech.SpeechSynthesisServerXPC
2024-08-13 02:35:37.702853 (pid/92345 [Console]) <Notice>: Service stub created for com.apple.textkit.nsattributedstringagent
2024-08-13 02:35:37.702887 (pid/92345 [Console]) <Notice>: Service stub created for com.apple.diskimagescontroller
2024-08-13 02:35:37.702948 (pid/92345 [Console]) <Notice>: Service stub created for com.apple.audio.Core-Audio-Driver-Service.helper
2024-08-13 02:35:37.702950 (pid/92345 [Console]) <Notice>: Service stub created for com.apple.audio.Core-Audio-Driver-Service
2024-08-13 02:35:37.702952 (pid/92345 [Console]) <Notice>: Service stub created for com.apple.audio.DriverHelper
2024-08-13 02:35:37.702959 (pid/92345 [Console]) <Notice>: Service stub created for com.apple.extensionkitservice
2024-08-13 02:35:37.703016 (pid/92345 [Console]) <Notice>: Service stub created for com.apple.corelocation.maphelperservice
2024-08-13 02:35:37.703098 (pid/92345 [Console]) <Notice>: Service stub created for com.apple.OSLogService
2024-08-13 02:35:37.703116 (pid/92345 [Console]) <Notice>: Service stub created for com.apple.CoreDisplay.XPCService
2024-08-13 02:35:37.703122 (pid/92345 [Console]) <Notice>: Service stub created for com.apple.CMValidateMovieDataReferenceService
2024-08-13 02:35:37.703145 (pid/92345 [Console]) <Notice>: Service stub created for com.apple.audio.AUHostingService.x86-64
2024-08-13 02:35:37.703147 (pid/92345 [Console]) <Notice>: Service stub created for com.apple.audio.AUHostingService.arm64e
2024-08-13 02:35:37.703148 (pid/92345 [Console]) <Notice>: Service stub created for com.apple.audio.AudioConverterService
2024-08-13 02:35:37.703153 (pid/92345 [Console]) <Notice>: Service stub created for com.apple.audio.CarbonComponentScanner.x86-64
2024-08-13 02:35:37.703157 (pid/92345 [Console]) <Notice>: Service stub created for com.apple.audio.ComponentTagHelper
2024-08-13 02:35:37.703159 (pid/92345 [Console]) <Notice>: Service stub created for com.apple.audio.InfoHelper
2024-08-13 02:35:37.703161 (pid/92345 [Console]) <Notice>: Service stub created for com.apple.audio.SandboxHelper
2024-08-13 02:35:37.703240 (pid/92345 [Console]) <Notice>: Service stub created for com.apple.internal.DataDetectorsRemoteScanner
2024-08-13 02:35:37.703334 (pid/92345 [Console]) <Notice>: Service stub created for com.apple.coremedia.pluginformatreader
2024-08-13 02:35:37.703336 (pid/92345 [Console]) <Notice>: Service stub created for com.apple.coremedia.pluginformatreader.zonto
2024-08-13 02:35:37.703343 (pid/92345 [Console]) <Notice>: Service stub created for com.apple.coremedia.videodecoder
2024-08-13 02:35:37.703346 (pid/92345 [Console]) <Notice>: Service stub created for com.apple.coremedia.videodecoder.zonto
2024-08-13 02:35:37.703348 (pid/92345 [Console]) <Notice>: Service stub created for com.apple.coremedia.videoencoder
2024-08-13 02:35:37.703350 (pid/92345 [Console]) <Notice>: Service stub created for com.apple.coremedia.videoencoder.zonto
2024-08-13 02:35:37.703454 (pid/92345 [Console]) <Notice>: Service stub created for com.apple.ColorSyncXPCAgent
2024-08-13 02:35:37.703539 (pid/92345 [Console]) <Notice>: Service stub created for com.apple.desktopservices.ArchiveService
2024-08-13 02:35:37.703549 (pid/92345 [Console]) <Notice>: Service stub created for com.apple.desktopservices.QuarantineService
2024-08-13 02:35:37.703598 (pid/92345 [Console]) <Notice>: Service stub created for com.apple.security.XPCAcmeService
2024-08-13 02:35:37.703647 (pid/92345 [Console]) <Notice>: Service stub created for com.apple.LoginUserService
2024-08-13 02:35:37.703669 (pid/92345 [Console]) <Notice>: Service stub created for com.apple.MTLCompilerService
2024-08-13 02:35:37.703717 (pid/92345 [Console]) <Notice>: Service stub created for com.apple.security.pboxd
2024-08-13 02:35:37.704378 (pid/92345 [Console]) <Notice>: Service stub created for com.apple.mobiledevice.MDPrivilegedUSBSupport
2024-08-13 02:35:37.704394 (pid/92345 [Console]) <Notice>: Service stub created for com.apple.MDRemoteServiceSupport
2024-08-13 02:35:37.728899 (pid/92345 [Console]) <Notice>: Service stub created for com.apple.WebKit.GPU
2024-08-13 02:35:37.728912 (pid/92345 [Console]) <Notice>: Service stub created for com.apple.WebKit.Networking
2024-08-13 02:35:37.728915 (pid/92345 [Console]) <Notice>: Service stub created for com.apple.WebKit.WebContent.CaptivePortal
2024-08-13 02:35:37.728917 (pid/92345 [Console]) <Notice>: Service stub created for com.apple.WebKit.WebContent.Development
2024-08-13 02:35:37.728920 (pid/92345 [Console]) <Notice>: Service stub created for com.apple.WebKit.WebContent
2024-08-13 02:35:37.728936 (pid/92345 [Console]) <Notice>: Service stub created for com.apple.mlcompiler.services.compiler
2024-08-13 02:35:37.728972 (pid/92345 [Console]) <Notice>: Service stub created for com.apple.ModelIO.AssetLoader
2024-08-13 02:35:37.728996 (pid/92345 [Console]) <Notice>: Service stub created for com.apple.ANECompilerService
2024-08-13 02:35:37.728999 (pid/92345 [Console]) <Notice>: Service stub created for com.apple.private.ANEStorageMaintainer
2024-08-13 02:35:37.729037 (pid/92345 [Console]) <Notice>: Service stub created for com.apple.scenekit.SCNSceneLoader
2024-08-13 02:35:37.729039 (pid/92345 [Console]) <Notice>: Service stub created for com.apple.SceneKit.C3DColladaResourcesCoordinator
2024-08-13 02:35:37.729079 (pid/92345 [Console]) <Notice>: Service stub created for com.apple.USDLib.FormatLoader
2024-08-13 02:35:37.817216 (pid/92345 [Console]) <Notice>: Service stub created for com.apple.ImageKit.RecentPictureService
2024-08-13 02:35:37.817235 (pid/92345 [Console]) <Notice>: Service stub created for com.apple.quicklook.QuickLookUIService
2024-08-13 02:35:37.817256 (pid/92345 [Console]) <Notice>: Service stub created for com.apple.StreamingUnzipService.privileged
2024-08-13 02:35:37.817260 (pid/92345 [Console]) <Notice>: Service stub created for com.apple.StreamingUnzipService
2024-08-13 02:35:37.817317 (pid/92345 [Console]) <Notice>: Service stub created for com.apple.sidecar.DisplayMarkup
2024-08-13 02:35:37.817395 (pid/92345 [Console]) <Notice>: Service stub created for com.apple.SafariServices.ExtensionHelper
2024-08-13 02:35:37.817399 (pid/92345 [Console]) <Notice>: Service stub created for com.apple.SafariServices
2024-08-13 02:35:37.817415 (pid/92345 [Console]) <Notice>: Service stub created for com.apple.LookupViewService
2024-08-13 02:35:37.817423 (pid/92345 [Console]) <Notice>: Service stub created for com.apple.CoreMLModelSecurityService
2024-08-13 02:35:37.817521 (pid/92345 [Console]) <Notice>: Service stub created for com.apple.DataDetectorsActionService
2024-08-13 02:35:37.817530 (pid/92345 [Console]) <Notice>: Service stub created for com.apple.DataDetectorsViewService
2024-08-13 02:35:37.817575 (pid/92345 [Console]) <Notice>: Service stub created for com.apple.intents.intents-helper
2024-08-13 02:35:37.817591 (pid/92345 [Console]) <Notice>: Service stub created for com.apple.quicklook.externalSatellite.arm64
2024-08-13 02:35:37.817601 (pid/92345 [Console]) <Notice>: Service stub created for com.apple.quicklook.externalSatellite.x86-64
2024-08-13 02:35:37.817603 (pid/92345 [Console]) <Notice>: Service stub created for com.apple.quicklook.satellite
2024-08-13 02:35:37.817679 (pid/92345 [Console]) <Notice>: Service stub created for com.apple.mscamerad-xpc
2024-08-13 02:35:37.817702 (pid/92345 [Console]) <Notice>: Service stub created for com.apple.BiomeWriteService
2024-08-13 02:35:38.513426 (user/501/com.apple.mdworker.shared.09000000-0400-0000-0000-000000000000 [92316]) <Notice>: exited due to SIGKILL | sent by mds[116], ran for 42135ms
2024-08-13 02:35:38.513442 (user/501/com.apple.mdworker.shared.09000000-0400-0000-0000-000000000000 [92316]) <Notice>: service state: exited
2024-08-13 02:35:38.513449 (user/501/com.apple.mdworker.shared.09000000-0400-0000-0000-000000000000 [92316]) <Notice>: internal event: EXITED, code = 0
2024-08-13 02:35:38.513452 (user/501) <Notice>: service inactive: com.apple.mdworker.shared.09000000-0400-0000-0000-000000000000
2024-08-13 02:35:38.513454 (user/501) <Notice>: removing service: com.apple.mdworker.shared.09000000-0400-0000-0000-000000000000
2024-08-13 02:35:38.513474 (user/501/com.apple.mdworker.shared.09000000-0400-0000-0000-000000000000 [92316]) <Notice>: internal event: PETRIFIED, code = 0
2024-08-13 02:35:38.513477 (user/501/com.apple.mdworker.shared.09000000-0400-0000-0000-000000000000 [92316]) <Notice>: service state: not running
2024-08-13 02:35:38.513655 (pid/92316 [mdworker_shared]) <Notice>: shutting down
2024-08-13 02:35:38.513661 (pid/92316 [mdworker_shared]) <Notice>: cleaning up
2024-08-13 02:35:38.513665 (system) <Notice>: removing child: pid/92316
2024-08-13 02:35:38.514329 (user/501/com.apple.mdworker.shared.05000000-0700-0000-0000-000000000000 [92314]) <Notice>: exited due to SIGKILL | sent by mds[116], ran for 42136ms
2024-08-13 02:35:38.514333 (user/501/com.apple.mdworker.shared.05000000-0700-0000-0000-000000000000 [92314]) <Notice>: service state: exited
2024-08-13 02:35:38.514337 (user/501/com.apple.mdworker.shared.05000000-0700-0000-0000-000000000000 [92314]) <Notice>: internal event: EXITED, code = 0
2024-08-13 02:35:38.514339 (user/501) <Notice>: service inactive: com.apple.mdworker.shared.05000000-0700-0000-0000-000000000000
2024-08-13 02:35:38.514341 (user/501) <Notice>: removing service: com.apple.mdworker.shared.05000000-0700-0000-0000-000000000000
2024-08-13 02:35:38.514350 (user/501/com.apple.mdworker.shared.05000000-0700-0000-0000-000000000000 [92314]) <Notice>: internal event: PETRIFIED, code = 0
2024-08-13 02:35:38.514352 (user/501/com.apple.mdworker.shared.05000000-0700-0000-0000-000000000000 [92314]) <Notice>: service state: not running
2024-08-13 02:35:38.514557 (pid/92314 [mdworker_shared]) <Notice>: shutting down
2024-08-13 02:35:38.514562 (pid/92314 [mdworker_shared]) <Notice>: cleaning up
2024-08-13 02:35:38.514567 (system) <Notice>: removing child: pid/92314
2024-08-13 02:35:38.516245 (user/501/com.apple.mdworker.shared.06000000-0400-0000-0000-000000000000 [92315]) <Notice>: exited due to SIGKILL | sent by mds[116], ran for 42140ms
2024-08-13 02:35:38.516255 (user/501/com.apple.mdworker.shared.06000000-0400-0000-0000-000000000000 [92315]) <Notice>: service state: exited
2024-08-13 02:35:38.516260 (user/501/com.apple.mdworker.shared.06000000-0400-0000-0000-000000000000 [92315]) <Notice>: internal event: EXITED, code = 0
2024-08-13 02:35:38.516262 (user/501) <Notice>: service inactive: com.apple.mdworker.shared.06000000-0400-0000-0000-000000000000
2024-08-13 02:35:38.516264 (user/501) <Notice>: removing service: com.apple.mdworker.shared.06000000-0400-0000-0000-000000000000
2024-08-13 02:35:38.516274 (user/501/com.apple.mdworker.shared.06000000-0400-0000-0000-000000000000 [92315]) <Notice>: internal event: PETRIFIED, code = 0
2024-08-13 02:35:38.516276 (user/501/com.apple.mdworker.shared.06000000-0400-0000-0000-000000000000 [92315]) <Notice>: service state: not running
2024-08-13 02:35:38.516285 (pid/92315 [mdworker_shared]) <Notice>: shutting down
2024-08-13 02:35:38.516290 (pid/92315 [mdworker_shared]) <Notice>: cleaning up
2024-08-13 02:35:38.516327 (system) <Notice>: removing child: pid/92315
2024-08-13 02:35:38.553533 (user/501/com.apple.mdworker.shared.0C000000-0500-0000-0000-000000000000 [92313]) <Notice>: exited due to SIGKILL | sent by mds[116], ran for 42179ms
2024-08-13 02:35:38.553545 (user/501/com.apple.mdworker.shared.0C000000-0500-0000-0000-000000000000 [92313]) <Notice>: service state: exited
2024-08-13 02:35:38.553551 (user/501/com.apple.mdworker.shared.0C000000-0500-0000-0000-000000000000 [92313]) <Notice>: internal event: EXITED, code = 0
2024-08-13 02:35:38.553553 (user/501) <Notice>: service inactive: com.apple.mdworker.shared.0C000000-0500-0000-0000-000000000000
2024-08-13 02:35:38.553555 (user/501) <Notice>: removing service: com.apple.mdworker.shared.0C000000-0500-0000-0000-000000000000
2024-08-13 02:35:38.553568 (user/501/com.apple.mdworker.shared.0C000000-0500-0000-0000-000000000000 [92313]) <Notice>: internal event: PETRIFIED, code = 0
2024-08-13 02:35:38.553570 (user/501/com.apple.mdworker.shared.0C000000-0500-0000-0000-000000000000 [92313]) <Notice>: service state: not running
2024-08-13 02:35:38.553586 (pid/92313 [mdworker_shared]) <Notice>: shutting down
2024-08-13 02:35:38.553592 (pid/92313 [mdworker_shared]) <Notice>: cleaning up
2024-08-13 02:35:38.553638 (system) <Notice>: removing child: pid/92313
2024-08-13 02:35:39.248995 (pid/92345 [Console]) <Notice>: Service stub initialized for com.apple.MTLCompilerService
2024-08-13 02:35:39.249006 (pid/92345/com.apple.MTLCompilerService) <Notice>: initialized endpoint after lookup
2024-08-13 02:35:39.249089 (pid/92345/com.apple.MTLCompilerService.981C1714-E155-4B68-BC89-19DFA277B493) <Notice>: internal event: WILL_SPAWN, code = 0
2024-08-13 02:35:39.249091 (pid/92345/com.apple.MTLCompilerService.981C1714-E155-4B68-BC89-19DFA277B493) <Notice>: service state: spawn scheduled
2024-08-13 02:35:39.249092 (pid/92345/com.apple.MTLCompilerService.981C1714-E155-4B68-BC89-19DFA277B493) <Notice>: service state: spawning
2024-08-13 02:35:39.249100 (pid/92345/com.apple.MTLCompilerService.981C1714-E155-4B68-BC89-19DFA277B493) <Notice>: launching: ipc (mach)
2024-08-13 02:35:39.249383 (pid/92345/com.apple.MTLCompilerService.981C1714-E155-4B68-BC89-19DFA277B493 [92346]) <Notice>: xpcproxy spawned with pid 92346
2024-08-13 02:35:39.249395 (pid/92345/com.apple.MTLCompilerService.981C1714-E155-4B68-BC89-19DFA277B493 [92346]) <Notice>: internal event: SPAWNED, code = 0
2024-08-13 02:35:39.249396 (pid/92345/com.apple.MTLCompilerService.981C1714-E155-4B68-BC89-19DFA277B493 [92346]) <Notice>: service state: xpcproxy
2024-08-13 02:35:39.249400 (pid/92345/com.apple.MTLCompilerService.981C1714-E155-4B68-BC89-19DFA277B493 [92346]) <Notice>: internal event: SOURCE_ATTACH, code = 0
2024-08-13 02:35:39.249402 (pid/92345/com.apple.MTLCompilerService.A0DB8E0B-F28C-4A6B-BF96-7AB44E2F6E11) <Notice>: internal event: WILL_SPAWN, code = 0
2024-08-13 02:35:39.249402 (pid/92345/com.apple.MTLCompilerService.A0DB8E0B-F28C-4A6B-BF96-7AB44E2F6E11) <Notice>: service state: spawn scheduled
2024-08-13 02:35:39.249403 (pid/92345/com.apple.MTLCompilerService.A0DB8E0B-F28C-4A6B-BF96-7AB44E2F6E11) <Notice>: service state: spawning
2024-08-13 02:35:39.249408 (pid/92345/com.apple.MTLCompilerService.A0DB8E0B-F28C-4A6B-BF96-7AB44E2F6E11) <Notice>: launching: ipc (mach)
2024-08-13 02:35:39.249575 (pid/92345/com.apple.MTLCompilerService.A0DB8E0B-F28C-4A6B-BF96-7AB44E2F6E11 [92347]) <Notice>: xpcproxy spawned with pid 92347
2024-08-13 02:35:39.249584 (pid/92345/com.apple.MTLCompilerService.A0DB8E0B-F28C-4A6B-BF96-7AB44E2F6E11 [92347]) <Notice>: internal event: SPAWNED, code = 0
2024-08-13 02:35:39.249585 (pid/92345/com.apple.MTLCompilerService.A0DB8E0B-F28C-4A6B-BF96-7AB44E2F6E11 [92347]) <Notice>: service state: xpcproxy
2024-08-13 02:35:39.249587 (pid/92345/com.apple.MTLCompilerService.A0DB8E0B-F28C-4A6B-BF96-7AB44E2F6E11 [92347]) <Notice>: internal event: SOURCE_ATTACH, code = 0
2024-08-13 02:35:39.253583 (pid/92345/com.apple.MTLCompilerService.A0DB8E0B-F28C-4A6B-BF96-7AB44E2F6E11 [92347]) <Notice>: service state: running
2024-08-13 02:35:39.253595 (pid/92345/com.apple.MTLCompilerService.A0DB8E0B-F28C-4A6B-BF96-7AB44E2F6E11 [92347]) <Notice>: internal event: INIT, code = 0
2024-08-13 02:35:39.253629 (pid/92345/com.apple.MTLCompilerService.A0DB8E0B-F28C-4A6B-BF96-7AB44E2F6E11 [92347]) <Notice>: Successfully spawned MTLCompilerService[92347] because ipc (mach)
2024-08-13 02:35:39.253641 (pid/92345/com.apple.MTLCompilerService.981C1714-E155-4B68-BC89-19DFA277B493 [92346]) <Notice>: service state: running
2024-08-13 02:35:39.253643 (pid/92345/com.apple.MTLCompilerService.981C1714-E155-4B68-BC89-19DFA277B493 [92346]) <Notice>: internal event: INIT, code = 0
2024-08-13 02:35:39.253649 (pid/92345/com.apple.MTLCompilerService.981C1714-E155-4B68-BC89-19DFA277B493 [92346]) <Notice>: Successfully spawned MTLCompilerService[92346] because ipc (mach)
2024-08-13 02:35:39.255013 (pid/92347 [MTLCompilerServ]) <Notice>: uncorking exec source upfront
2024-08-13 02:35:39.255018 (pid/92347 [MTLCompilerServ]) <Notice>: created
2024-08-13 02:35:39.255073 (pid/92346 [MTLCompilerServ]) <Notice>: uncorking exec source upfront
2024-08-13 02:35:39.255075 (pid/92346 [MTLCompilerServ]) <Notice>: created
2024-08-13 02:35:39.263657 (pid/92346 [MTLCompilerServ]) <Notice>: uncorking domain
2024-08-13 02:35:39.263805 (pid/92346 [MTLCompilerServ]) <Notice>: Service stub created for com.apple.foundation.UserScriptService
2024-08-13 02:35:39.264033 (pid/92346 [MTLCompilerServ]) <Notice>: Service stub created for com.apple.security.XPCAcmeService
2024-08-13 02:35:39.264119 (pid/92347 [MTLCompilerServ]) <Notice>: uncorking domain
2024-08-13 02:35:39.264212 (pid/92347 [MTLCompilerServ]) <Notice>: Service stub created for com.apple.foundation.UserScriptService
2024-08-13 02:35:39.264376 (pid/92347 [MTLCompilerServ]) <Notice>: Service stub created for com.apple.security.XPCAcmeService
2024-08-13 02:35:39.264770 (pid/92347 [MTLCompilerServ]) <Notice>: Service stub created for com.apple.MTLCompilerService
2024-08-13 02:35:39.264814 (pid/92346 [MTLCompilerServ]) <Notice>: Service stub created for com.apple.MTLCompilerService
2024-08-13 02:35:39.518088 (gui/501 [100005]) <Warning>: denied lookup: name = com.apple.contactsd.persistence, requestor = imagent[620], error = 159: Sandbox restriction
2024-08-13 02:35:39.520484 <Notice>: Last log repeated 1 times
2024-08-13 02:35:39.520468 (gui/501 [100005]) <Warning>: denied lookup: name = com.apple.contactsd.persistence, requestor = searchpartyuser[1094], error = 159: Sandbox restriction
2024-08-13 02:35:42.524309 <Notice>: Last log repeated 1 times
2024-08-13 02:35:42.524270 (gui/501 [100005]) <Warning>: denied lookup: name = com.apple.contactsd.persistence, requestor = imagent[620], error = 159: Sandbox restriction
2024-08-13 02:35:42.526374 <Notice>: Last log repeated 3 times
2024-08-13 02:35:42.526357 (gui/501 [100005]) <Warning>: denied lookup: name = com.apple.contactsd.persistence, requestor = searchpartyuser[1094], error = 159: Sandbox restriction
2024-08-13 02:35:42.531297 <Notice>: Last log repeated 3 times
2024-08-13 02:35:42.531279 (gui/501 [100005]) <Warning>: denied lookup: name = com.apple.AddressBook.ContactsAccountsService, requestor = imagent[620], error = 159: Sandbox restriction
2024-08-13 02:35:42.531477 (gui/501 [100005]) <Warning>: denied lookup: name = com.apple.AddressBook.ContactsAccountsService, requestor = searchpartyuser[1094], error = 159: Sandbox restriction
2024-08-13 02:35:42.536063 (gui/501 [100005]) <Warning>: denied lookup: name = com.apple.contactsd.persistence, requestor = imagent[620], error = 159: Sandbox restriction
2024-08-13 02:35:42.536284 (gui/501 [100005]) <Warning>: denied lookup: name = com.apple.contactsd.persistence, requestor = searchpartyuser[1094], error = 159: Sandbox restriction
2024-08-13 02:35:42.536366 (gui/501 [100005]) <Warning>: denied lookup: name = com.apple.contactsd.persistence, requestor = imagent[620], error = 159: Sandbox restriction
2024-08-13 02:35:42.537675 <Notice>: Last log repeated 2 times
2024-08-13 02:35:42.537633 (gui/501 [100005]) <Warning>: denied lookup: name = com.apple.contactsd.persistence, requestor = searchpartyuser[1094], error = 159: Sandbox restriction
2024-08-13 02:35:42.537856 (gui/501 [100005]) <Warning>: denied lookup: name = com.apple.contactsd.persistence, requestor = imagent[620], error = 159: Sandbox restriction
2024-08-13 02:35:42.538025 (gui/501 [100005]) <Warning>: denied lookup: name = com.apple.contactsd.persistence, requestor = searchpartyuser[1094], error = 159: Sandbox restriction
2024-08-13 02:35:42.538084 (gui/501 [100005]) <Warning>: denied lookup: name = com.apple.contactsd.persistence, requestor = imagent[620], error = 159: Sandbox restriction
2024-08-13 02:35:42.538494 <Notice>: Last log repeated 1 times
2024-08-13 02:35:42.538483 (gui/501 [100005]) <Warning>: denied lookup: name = com.apple.contactsd.persistence, requestor = searchpartyuser[1094], error = 159: Sandbox restriction
2024-08-13 02:35:42.538541 (gui/501 [100005]) <Warning>: denied lookup: name = com.apple.contactsd.persistence, requestor = imagent[620], error = 159: Sandbox restriction
2024-08-13 02:35:42.539172 (gui/501 [100005]) <Warning>: denied lookup: name = com.apple.contactsd.persistence, requestor = searchpartyuser[1094], error = 159: Sandbox restriction
2024-08-13 02:35:45.541618 <Notice>: Last log repeated 3 times
2024-08-13 02:35:45.541574 (gui/501 [100005]) <Warning>: denied lookup: name = com.apple.contactsd.persistence, requestor = imagent[620], error = 159: Sandbox restriction
2024-08-13 02:35:45.630320 <Notice>: Last log repeated 1 times
2024-08-13 02:35:45.630290 (gui/501 [100005]) <Warning>: denied lookup: name = com.apple.contactsd.persistence, requestor = searchpartyuser[1094], error = 159: Sandbox restriction
2024-08-13 02:35:48.548361 <Notice>: Last log repeated 1 times
2024-08-13 02:35:48.547921 (gui/501 [100005]) <Warning>: denied lookup: name = com.apple.contactsd.persistence, requestor = imagent[620], error = 159: Sandbox restriction
2024-08-13 02:35:48.729399 <Notice>: Last log repeated 1 times
2024-08-13 02:35:48.729371 (gui/501 [100005]) <Warning>: denied lookup: name = com.apple.contactsd.persistence, requestor = searchpartyuser[1094], error = 159: Sandbox restriction
2024-08-13 02:35:51.554475 <Notice>: Last log repeated 1 times
2024-08-13 02:35:51.554174 (gui/501 [100005]) <Warning>: denied lookup: name = com.apple.contactsd.persistence, requestor = imagent[620], error = 159: Sandbox restriction
2024-08-13 02:35:51.827392 <Notice>: Last log repeated 1 times
2024-08-13 02:35:51.827366 (gui/501 [100005]) <Warning>: denied lookup: name = com.apple.contactsd.persistence, requestor = searchpartyuser[1094], error = 159: Sandbox restriction
2024-08-13 02:35:54.559398 <Notice>: Last log repeated 1 times
2024-08-13 02:35:54.559362 (gui/501 [100005]) <Warning>: denied lookup: name = com.apple.contactsd.persistence, requestor = imagent[620], error = 159: Sandbox restriction
2024-08-13 02:35:54.927796 <Notice>: Last log repeated 1 times
2024-08-13 02:35:54.927770 (gui/501 [100005]) <Warning>: denied lookup: name = com.apple.contactsd.persistence, requestor = searchpartyuser[1094], error = 159: Sandbox restriction
2024-08-13 02:35:57.564406 <Notice>: Last log repeated 1 times
2024-08-13 02:35:57.564356 (gui/501 [100005]) <Warning>: denied lookup: name = com.apple.contactsd.persistence, requestor = imagent[620], error = 159: Sandbox restriction
2024-08-13 02:35:58.013540 <Notice>: Last log repeated 1 times
2024-08-13 02:35:58.013492 (gui/501 [100005]) <Warning>: denied lookup: name = com.apple.contactsd.persistence, requestor = searchpartyuser[1094], error = 159: Sandbox restriction
2024-08-13 02:35:59.496764 <Notice>: Last log repeated 1 times
2024-08-13 02:35:59.496725 (system) <Warning>: failed lookup: name = com.apple.AppleLOM.Watchdog, flags = 0x1, requestor = watchdogd[112], error = 3: No such process
2024-08-13 02:35:59.743953 (user/89/com.apple.mdworker.shared.09000000-0700-0000-0000-000000000000 [92320]) <Notice>: exited due to SIGKILL | sent by mds[116], ran for 42048ms
2024-08-13 02:35:59.743967 (user/89/com.apple.mdworker.shared.09000000-0700-0000-0000-000000000000 [92320]) <Notice>: service state: exited
2024-08-13 02:35:59.743974 (user/89/com.apple.mdworker.shared.09000000-0700-0000-0000-000000000000 [92320]) <Notice>: internal event: EXITED, code = 0
2024-08-13 02:35:59.743977 (user/89) <Notice>: service inactive: com.apple.mdworker.shared.09000000-0700-0000-0000-000000000000
2024-08-13 02:35:59.743979 (user/89) <Notice>: removing service: com.apple.mdworker.shared.09000000-0700-0000-0000-000000000000
2024-08-13 02:35:59.744002 (user/89/com.apple.mdworker.shared.09000000-0700-0000-0000-000000000000 [92320]) <Notice>: internal event: PETRIFIED, code = 0
2024-08-13 02:35:59.744005 (user/89/com.apple.mdworker.shared.09000000-0700-0000-0000-000000000000 [92320]) <Notice>: service state: not running
2024-08-13 02:35:59.744018 (pid/92320 [mdworker_shared]) <Notice>: shutting down
2024-08-13 02:35:59.744024 (pid/92320 [mdworker_shared]) <Notice>: cleaning up
2024-08-13 02:35:59.744074 (system) <Notice>: removing child: pid/92320
2024-08-13 02:36:00.565763 (gui/501 [100005]) <Warning>: denied lookup: name = com.apple.contactsd.persistence, requestor = imagent[620], error = 159: Sandbox restriction
2024-08-13 02:36:01.114967 <Notice>: Last log repeated 1 times
2024-08-13 02:36:01.114870 (gui/501 [100005]) <Warning>: denied lookup: name = com.apple.contactsd.persistence, requestor = searchpartyuser[1094], error = 159: Sandbox restriction
2024-08-13 02:36:03.572235 <Notice>: Last log repeated 1 times
2024-08-13 02:36:03.572181 (gui/501 [100005]) <Warning>: denied lookup: name = com.apple.contactsd.persistence, requestor = imagent[620], error = 159: Sandbox restriction
2024-08-13 02:36:03.577388 <Notice>: Last log repeated 3 times
2024-08-13 02:36:03.575702 (gui/501 [100005]) <Warning>: denied lookup: name = com.apple.AddressBook.ContactsAccountsService, requestor = imagent[620], error = 159: Sandbox restriction
2024-08-13 02:36:03.581115 (gui/501 [100005]) <Warning>: denied lookup: name = com.apple.contactsd.persistence, requestor = imagent[620], error = 159: Sandbox restriction
2024-08-13 02:36:04.200072 <Notice>: Last log repeated 7 times
2024-08-13 02:36:04.200040 (gui/501 [100005]) <Warning>: denied lookup: name = com.apple.contactsd.persistence, requestor = searchpartyuser[1094], error = 159: Sandbox restriction
2024-08-13 02:36:04.202615 <Notice>: Last log repeated 3 times
2024-08-13 02:36:04.202593 (gui/501 [100005]) <Warning>: denied lookup: name = com.apple.AddressBook.ContactsAccountsService, requestor = searchpartyuser[1094], error = 159: Sandbox restriction
2024-08-13 02:36:04.210759 (gui/501 [100005]) <Warning>: denied lookup: name = com.apple.contactsd.persistence, requestor = searchpartyuser[1094], error = 159: Sandbox restriction
2024-08-13 02:36:06.586683 <Notice>: Last log repeated 7 times
2024-08-13 02:36:06.586658 (gui/501 [100005]) <Warning>: denied lookup: name = com.apple.contactsd.persistence, requestor = imagent[620], error = 159: Sandbox restriction
2024-08-13 02:36:07.283754 <Notice>: Last log repeated 1 times
2024-08-13 02:36:07.283709 (gui/501 [100005]) <Warning>: denied lookup: name = com.apple.contactsd.persistence, requestor = searchpartyuser[1094], error = 159: Sandbox restriction
2024-08-13 02:36:09.589739 <Notice>: Last log repeated 1 times
2024-08-13 02:36:09.589710 (gui/501 [100005]) <Warning>: denied lookup: name = com.apple.contactsd.persistence, requestor = imagent[620], error = 159: Sandbox restriction
2024-08-13 02:36:10.377296 <Notice>: Last log repeated 1 times
2024-08-13 02:36:10.377270 (gui/501 [100005]) <Warning>: denied lookup: name = com.apple.contactsd.persistence, requestor = searchpartyuser[1094], error = 159: Sandbox restriction
2024-08-13 02:36:12.591964 <Notice>: Last log repeated 1 times
2024-08-13 02:36:12.591924 (gui/501 [100005]) <Warning>: denied lookup: name = com.apple.contactsd.persistence, requestor = imagent[620], error = 159: Sandbox restriction
2024-08-13 02:36:13.345651 <Notice>: Last log repeated 1 times
2024-08-13 02:36:13.345546 (user/501/com.apple.mdworker.shared.10000000-0100-0000-0000-000000000000 [92331]) <Notice>: exited due to SIGKILL | sent by mds[116], ran for 46749ms
2024-08-13 02:36:13.345559 (user/501/com.apple.mdworker.shared.10000000-0100-0000-0000-000000000000 [92331]) <Notice>: service state: exited
2024-08-13 02:36:13.345564 (user/501/com.apple.mdworker.shared.10000000-0100-0000-0000-000000000000 [92331]) <Notice>: internal event: EXITED, code = 0
2024-08-13 02:36:13.345566 (user/501) <Notice>: service inactive: com.apple.mdworker.shared.10000000-0100-0000-0000-000000000000
2024-08-13 02:36:13.345568 (user/501) <Notice>: removing service: com.apple.mdworker.shared.10000000-0100-0000-0000-000000000000
2024-08-13 02:36:13.345577 (user/501/com.apple.mdworker.shared.10000000-0100-0000-0000-000000000000 [92331]) <Notice>: internal event: PETRIFIED, code = 0
2024-08-13 02:36:13.345580 (user/501/com.apple.mdworker.shared.10000000-0100-0000-0000-000000000000 [92331]) <Notice>: service state: not running
2024-08-13 02:36:13.345590 (pid/92331 [mdworker_shared]) <Notice>: shutting down
2024-08-13 02:36:13.345595 (pid/92331 [mdworker_shared]) <Notice>: cleaning up
2024-08-13 02:36:13.345634 (system) <Notice>: removing child: pid/92331
2024-08-13 02:36:13.466621 (gui/501 [100005]) <Warning>: denied lookup: name = com.apple.contactsd.persistence, requestor = searchpartyuser[1094], error = 159: Sandbox restriction
2024-08-13 02:36:15.593569 <Notice>: Last log repeated 1 times
2024-08-13 02:36:15.593399 (gui/501 [100005]) <Warning>: denied lookup: name = com.apple.contactsd.persistence, requestor = imagent[620], error = 159: Sandbox restriction
2024-08-13 02:36:15.643038 <Notice>: Last log repeated 1 times
2024-08-13 02:36:15.643006 (user/501/com.apple.mdworker.shared.01000000-0000-0000-0000-000000000000 [92340]) <Notice>: exited due to SIGKILL | sent by mds[116], ran for 43708ms
2024-08-13 02:36:15.643022 (user/501/com.apple.mdworker.shared.01000000-0000-0000-0000-000000000000 [92340]) <Notice>: service state: exited
2024-08-13 02:36:15.643031 (user/501/com.apple.mdworker.shared.01000000-0000-0000-0000-000000000000 [92340]) <Notice>: internal event: EXITED, code = 0
2024-08-13 02:36:15.643035 (user/501) <Notice>: service inactive: com.apple.mdworker.shared.01000000-0000-0000-0000-000000000000
2024-08-13 02:36:15.643041 (user/501) <Notice>: removing service: com.apple.mdworker.shared.01000000-0000-0000-0000-000000000000
2024-08-13 02:36:15.643059 (user/501/com.apple.mdworker.shared.01000000-0000-0000-0000-000000000000 [92340]) <Notice>: internal event: PETRIFIED, code = 0
2024-08-13 02:36:15.643065 (user/501/com.apple.mdworker.shared.01000000-0000-0000-0000-000000000000 [92340]) <Notice>: service state: not running
2024-08-13 02:36:15.643108 (user/501/com.apple.mdworker.shared.0F000000-0200-0000-0000-000000000000 [92332]) <Notice>: exited due to SIGKILL | sent by mds[116], ran for 49044ms
2024-08-13 02:36:15.643111 (user/501/com.apple.mdworker.shared.0F000000-0200-0000-0000-000000000000 [92332]) <Notice>: service state: exited
2024-08-13 02:36:15.643114 (user/501/com.apple.mdworker.shared.0F000000-0200-0000-0000-000000000000 [92332]) <Notice>: internal event: EXITED, code = 0
2024-08-13 02:36:15.643117 (user/501) <Notice>: service inactive: com.apple.mdworker.shared.0F000000-0200-0000-0000-000000000000
2024-08-13 02:36:15.643120 (user/501) <Notice>: removing service: com.apple.mdworker.shared.0F000000-0200-0000-0000-000000000000
2024-08-13 02:36:15.643129 (user/501/com.apple.mdworker.shared.0F000000-0200-0000-0000-000000000000 [92332]) <Notice>: internal event: PETRIFIED, code = 0
2024-08-13 02:36:15.643132 (user/501/com.apple.mdworker.shared.0F000000-0200-0000-0000-000000000000 [92332]) <Notice>: service state: not running
2024-08-13 02:36:15.643144 (pid/92340 [mdworker_shared]) <Notice>: shutting down
2024-08-13 02:36:15.643156 (pid/92340 [mdworker_shared]) <Notice>: cleaning up
2024-08-13 02:36:15.643162 (pid/92332 [mdworker_shared]) <Notice>: shutting down
2024-08-13 02:36:15.643168 (pid/92332 [mdworker_shared]) <Notice>: cleaning up
2024-08-13 02:36:15.643255 (system) <Notice>: removing child: pid/92340
2024-08-13 02:36:15.643272 (system) <Notice>: removing child: pid/92332
2024-08-13 02:36:16.542277 (gui/501 [100005]) <Warning>: denied lookup: name = com.apple.contactsd.persistence, requestor = searchpartyuser[1094], error = 159: Sandbox restriction
2024-08-13 02:36:18.599456 <Notice>: Last log repeated 1 times
2024-08-13 02:36:18.599394 (gui/501 [100005]) <Warning>: denied lookup: name = com.apple.contactsd.persistence, requestor = imagent[620], error = 159: Sandbox restriction
2024-08-13 02:36:19.642186 <Notice>: Last log repeated 1 times
2024-08-13 02:36:19.642158 (gui/501 [100005]) <Warning>: denied lookup: name = com.apple.contactsd.persistence, requestor = searchpartyuser[1094], error = 159: Sandbox restriction
2024-08-13 02:36:20.916797 <Notice>: Last log repeated 1 times
2024-08-13 02:36:20.916551 (user/501/com.apple.mdworker.shared.04000000-0000-0000-0000-000000000000 [92341]) <Notice>: exited due to SIGKILL | sent by mds[116], ran for 48978ms
2024-08-13 02:36:20.916563 (user/501/com.apple.mdworker.shared.04000000-0000-0000-0000-000000000000 [92341]) <Notice>: service state: exited
2024-08-13 02:36:20.916569 (user/501/com.apple.mdworker.shared.04000000-0000-0000-0000-000000000000 [92341]) <Notice>: internal event: EXITED, code = 0
2024-08-13 02:36:20.916571 (user/501) <Notice>: service inactive: com.apple.mdworker.shared.04000000-0000-0000-0000-000000000000
2024-08-13 02:36:20.916573 (user/501) <Notice>: removing service: com.apple.mdworker.shared.04000000-0000-0000-0000-000000000000
2024-08-13 02:36:20.916583 (user/501/com.apple.mdworker.shared.04000000-0000-0000-0000-000000000000 [92341]) <Notice>: internal event: PETRIFIED, code = 0
2024-08-13 02:36:20.916586 (user/501/com.apple.mdworker.shared.04000000-0000-0000-0000-000000000000 [92341]) <Notice>: service state: not running
2024-08-13 02:36:20.916620 (user/501/com.apple.mdworker.shared.07000000-0300-0000-0000-000000000000 [92330]) <Notice>: exited due to SIGKILL | sent by mds[116], ran for 54913ms
2024-08-13 02:36:20.916622 (user/501/com.apple.mdworker.shared.07000000-0300-0000-0000-000000000000 [92330]) <Notice>: service state: exited
2024-08-13 02:36:20.916625 (user/501/com.apple.mdworker.shared.07000000-0300-0000-0000-000000000000 [92330]) <Notice>: internal event: EXITED, code = 0
2024-08-13 02:36:20.916627 (user/501) <Notice>: service inactive: com.apple.mdworker.shared.07000000-0300-0000-0000-000000000000
2024-08-13 02:36:20.916628 (user/501) <Notice>: removing service: com.apple.mdworker.shared.07000000-0300-0000-0000-000000000000
2024-08-13 02:36:20.916634 (user/501/com.apple.mdworker.shared.07000000-0300-0000-0000-000000000000 [92330]) <Notice>: internal event: PETRIFIED, code = 0
2024-08-13 02:36:20.916636 (user/501/com.apple.mdworker.shared.07000000-0300-0000-0000-000000000000 [92330]) <Notice>: service state: not running
2024-08-13 02:36:20.916657 (pid/92341 [mdworker_shared]) <Notice>: shutting down
2024-08-13 02:36:20.916684 (pid/92341 [mdworker_shared]) <Notice>: cleaning up
2024-08-13 02:36:20.916690 (pid/92330 [mdworker_shared]) <Notice>: shutting down
2024-08-13 02:36:20.916692 (pid/92330 [mdworker_shared]) <Notice>: cleaning up
2024-08-13 02:36:20.916758 (system) <Notice>: removing child: pid/92341
2024-08-13 02:36:20.916764 (system) <Notice>: removing child: pid/92330
2024-08-13 02:36:20.917548 <Notice>: Flushed 20 logs [limit: 20]
2024-08-13 02:36:20.918071 (user/501/com.apple.mdworker.shared.02000000-0600-0000-0000-000000000000 [92289]) <Notice>: exited due to SIGKILL | sent by mds[116], ran for 114594ms
2024-08-13 02:36:20.918079 (user/501/com.apple.mdworker.shared.02000000-0600-0000-0000-000000000000 [92289]) <Notice>: service state: exited
2024-08-13 02:36:20.918083 (user/501/com.apple.mdworker.shared.02000000-0600-0000-0000-000000000000 [92289]) <Notice>: internal event: EXITED, code = 0
2024-08-13 02:36:20.918085 (user/501) <Notice>: service inactive: com.apple.mdworker.shared.02000000-0600-0000-0000-000000000000
2024-08-13 02:36:20.918086 (user/501) <Notice>: removing service: com.apple.mdworker.shared.02000000-0600-0000-0000-000000000000
2024-08-13 02:36:20.918095 (user/501/com.apple.mdworker.shared.02000000-0600-0000-0000-000000000000 [92289]) <Notice>: internal event: PETRIFIED, code = 0
2024-08-13 02:36:20.918097 (user/501/com.apple.mdworker.shared.02000000-0600-0000-0000-000000000000 [92289]) <Notice>: service state: not running
2024-08-13 02:36:20.918115 (pid/92289 [mdworker_shared]) <Notice>: shutting down
2024-08-13 02:36:20.918124 (pid/92289 [mdworker_shared]) <Notice>: cleaning up
2024-08-13 02:36:20.918159 (system) <Notice>: removing child: pid/92289
2024-08-13 02:36:21.600860 (gui/501 [100005]) <Warning>: denied lookup: name = com.apple.contactsd.persistence, requestor = imagent[620], error = 159: Sandbox restriction
2024-08-13 02:36:21.681923 <Notice>: Last log repeated 1 times
2024-08-13 02:36:21.681895 (user/501/com.apple.mdworker.shared.07000000-0400-0000-0000-000000000000) <Notice>: internal event: WILL_SPAWN, code = 0
2024-08-13 02:36:21.681913 (user/501/com.apple.mdworker.shared.07000000-0400-0000-0000-000000000000) <Notice>: service state: spawn scheduled
2024-08-13 02:36:21.681916 (user/501/com.apple.mdworker.shared.07000000-0400-0000-0000-000000000000) <Notice>: service state: spawning
2024-08-13 02:36:21.681982 (user/501/com.apple.mdworker.shared.07000000-0400-0000-0000-000000000000) <Notice>: launching: ipc (mach)
2024-08-13 02:36:21.685425 (user/501/com.apple.mdworker.shared.07000000-0400-0000-0000-000000000000 [92349]) <Notice>: xpcproxy spawned with pid 92349
2024-08-13 02:36:21.685455 (user/501/com.apple.mdworker.shared.07000000-0400-0000-0000-000000000000 [92349]) <Notice>: internal event: SPAWNED, code = 0
2024-08-13 02:36:21.685462 (user/501/com.apple.mdworker.shared.07000000-0400-0000-0000-000000000000 [92349]) <Notice>: service state: xpcproxy
2024-08-13 02:36:21.685477 (user/501/com.apple.mdworker.shared.07000000-0400-0000-0000-000000000000 [92349]) <Notice>: internal event: SOURCE_ATTACH, code = 0
2024-08-13 02:36:21.699250 (user/501/com.apple.mdworker.shared.07000000-0400-0000-0000-000000000000 [92349]) <Notice>: service state: running
2024-08-13 02:36:21.699269 (user/501/com.apple.mdworker.shared.07000000-0400-0000-0000-000000000000 [92349]) <Notice>: internal event: INIT, code = 0
2024-08-13 02:36:21.699337 (user/501/com.apple.mdworker.shared.07000000-0400-0000-0000-000000000000 [92349]) <Notice>: Successfully spawned mdworker_shared[92349] because ipc (mach)
2024-08-13 02:36:21.705576 (pid/92349 [mdworker_shared]) <Notice>: uncorking exec source upfront
2024-08-13 02:36:21.705600 (pid/92349 [mdworker_shared]) <Notice>: created
2024-08-13 02:36:22.718628 (gui/501 [100005]) <Warning>: denied lookup: name = com.apple.contactsd.persistence, requestor = searchpartyuser[1094], error = 159: Sandbox restriction
2024-08-13 02:36:24.606617 <Notice>: Last log repeated 1 times
2024-08-13 02:36:24.606525 (gui/501 [100005]) <Warning>: denied lookup: name = com.apple.contactsd.persistence, requestor = imagent[620], error = 159: Sandbox restriction
2024-08-13 02:36:24.608241 <Notice>: Last log repeated 3 times
2024-08-13 02:36:24.608211 (gui/501 [100005]) <Warning>: denied lookup: name = com.apple.AddressBook.ContactsAccountsService, requestor = imagent[620], error = 159: Sandbox restriction
2024-08-13 02:36:24.611995 (gui/501 [100005]) <Warning>: denied lookup: name = com.apple.contactsd.persistence, requestor = imagent[620], error = 159: Sandbox restriction
2024-08-13 02:36:25.812207 <Notice>: Last log repeated 7 times
2024-08-13 02:36:25.812168 (gui/501 [100005]) <Warning>: denied lookup: name = com.apple.contactsd.persistence, requestor = searchpartyuser[1094], error = 159: Sandbox restriction
2024-08-13 02:36:25.814756 <Notice>: Last log repeated 3 times
2024-08-13 02:36:25.814738 (gui/501 [100005]) <Warning>: denied lookup: name = com.apple.AddressBook.ContactsAccountsService, requestor = searchpartyuser[1094], error = 159: Sandbox restriction
2024-08-13 02:36:25.820382 (gui/501 [100005]) <Warning>: denied lookup: name = com.apple.contactsd.persistence, requestor = searchpartyuser[1094], error = 159: Sandbox restriction
2024-08-13 02:36:27.614442 <Notice>: Last log repeated 7 times
2024-08-13 02:36:27.614419 (gui/501 [100005]) <Warning>: denied lookup: name = com.apple.contactsd.persistence, requestor = imagent[620], error = 159: Sandbox restriction
2024-08-13 02:36:28.921217 <Notice>: Last log repeated 1 times
2024-08-13 02:36:28.921177 (gui/501 [100005]) <Warning>: denied lookup: name = com.apple.contactsd.persistence, requestor = searchpartyuser[1094], error = 159: Sandbox restriction
2024-08-13 02:36:29.498716 <Notice>: Last log repeated 1 times
2024-08-13 02:36:29.497813 (system) <Warning>: failed lookup: name = com.apple.AppleLOM.Watchdog, flags = 0x1, requestor = watchdogd[112], error = 3: No such process
2024-08-13 02:36:30.317693 (user/501/com.apple.mdworker.shared.01000000-0100-0000-0000-000000000000) <Notice>: internal event: WILL_SPAWN, code = 0
2024-08-13 02:36:30.317719 (user/501/com.apple.mdworker.shared.01000000-0100-0000-0000-000000000000) <Notice>: service state: spawn scheduled
2024-08-13 02:36:30.317721 (user/501/com.apple.mdworker.shared.01000000-0100-0000-0000-000000000000) <Notice>: service state: spawning
2024-08-13 02:36:30.317805 (user/501/com.apple.mdworker.shared.01000000-0100-0000-0000-000000000000) <Notice>: launching: ipc (mach)
2024-08-13 02:36:30.319321 (user/501/com.apple.mdworker.shared.01000000-0100-0000-0000-000000000000 [92350]) <Notice>: xpcproxy spawned with pid 92350
2024-08-13 02:36:30.319364 (user/501/com.apple.mdworker.shared.01000000-0100-0000-0000-000000000000 [92350]) <Notice>: internal event: SPAWNED, code = 0
2024-08-13 02:36:30.319368 (user/501/com.apple.mdworker.shared.01000000-0100-0000-0000-000000000000 [92350]) <Notice>: service state: xpcproxy
2024-08-13 02:36:30.319391 (user/501/com.apple.mdworker.shared.01000000-0100-0000-0000-000000000000 [92350]) <Notice>: internal event: SOURCE_ATTACH, code = 0
2024-08-13 02:36:30.328017 (user/501/com.apple.mdworker.shared.01000000-0100-0000-0000-000000000000 [92350]) <Notice>: service state: running
2024-08-13 02:36:30.328031 (user/501/com.apple.mdworker.shared.01000000-0100-0000-0000-000000000000 [92350]) <Notice>: internal event: INIT, code = 0
2024-08-13 02:36:30.328094 (user/501/com.apple.mdworker.shared.01000000-0100-0000-0000-000000000000 [92350]) <Notice>: Successfully spawned mdworker_shared[92350] because ipc (mach)
2024-08-13 02:36:30.333986 (pid/92350 [mdworker_shared]) <Notice>: uncorking exec source upfront
2024-08-13 02:36:30.334008 (pid/92350 [mdworker_shared]) <Notice>: created
2024-08-13 02:36:30.620168 (gui/501 [100005]) <Warning>: denied lookup: name = com.apple.contactsd.persistence, requestor = imagent[620], error = 159: Sandbox restriction
2024-08-13 02:36:32.019799 <Notice>: Last log repeated 1 times
2024-08-13 02:36:32.019776 (gui/501 [100005]) <Warning>: denied lookup: name = com.apple.contactsd.persistence, requestor = searchpartyuser[1094], error = 159: Sandbox restriction
2024-08-13 02:36:33.621793 <Notice>: Last log repeated 1 times
2024-08-13 02:36:33.621753 (gui/501 [100005]) <Warning>: denied lookup: name = com.apple.contactsd.persistence, requestor = imagent[620], error = 159: Sandbox restriction
2024-08-13 02:36:34.614971 <Notice>: Last log repeated 1 times
2024-08-13 02:36:34.614537 (pid/74356/com.apple.WebKit.GPU.0AD18DBC-8F19-4351-AAD4-CD2891DAB012 [92324]) <Notice>: exited due to exit(0), ran for 74896ms
2024-08-13 02:36:34.614571 (pid/74356/com.apple.WebKit.GPU.0AD18DBC-8F19-4351-AAD4-CD2891DAB012 [92324]) <Notice>: service state: exited
2024-08-13 02:36:34.614631 (pid/74356/com.apple.WebKit.GPU.0AD18DBC-8F19-4351-AAD4-CD2891DAB012 [92324]) <Notice>: internal event: EXITED, code = 0
2024-08-13 02:36:34.614638 (pid/74356/com.apple.WebKit.GPU.0AD18DBC-8F19-4351-AAD4-CD2891DAB012 [92324]) <Notice>: job state = exited
2024-08-13 02:36:34.614676 (pid/74356 [nsattributedstr]) <Notice>: service inactive: com.apple.WebKit.GPU.0AD18DBC-8F19-4351-AAD4-CD2891DAB012
2024-08-13 02:36:34.614706 (pid/74356/com.apple.WebKit.GPU.0AD18DBC-8F19-4351-AAD4-CD2891DAB012 [92324]) <Notice>: internal event: PETRIFIED, code = 0
2024-08-13 02:36:34.614708 (pid/74356/com.apple.WebKit.GPU.0AD18DBC-8F19-4351-AAD4-CD2891DAB012 [92324]) <Notice>: job state = removed
2024-08-13 02:36:34.614724 (pid/74356/com.apple.WebKit.GPU.0AD18DBC-8F19-4351-AAD4-CD2891DAB012 [92324]) <Notice>: service state: not running
2024-08-13 02:36:34.614748 (pid/92324 [com.apple.WebKi]) <Notice>: shutting down
2024-08-13 02:36:34.614825 (pid/92324 [com.apple.WebKi]) <Notice>: cleaning up
2024-08-13 02:36:34.614833 (system) <Notice>: removing child: pid/92324
2024-08-13 02:36:35.116820 (gui/501 [100005]) <Warning>: denied lookup: name = com.apple.contactsd.persistence, requestor = searchpartyuser[1094], error = 159: Sandbox restriction
2024-08-13 02:36:36.628081 <Notice>: Last log repeated 1 times
2024-08-13 02:36:36.628049 (gui/501 [100005]) <Warning>: denied lookup: name = com.apple.contactsd.persistence, requestor = imagent[620], error = 159: Sandbox restriction
2024-08-13 02:36:38.214360 <Notice>: Last log repeated 1 times
2024-08-13 02:36:38.214324 (gui/501 [100005]) <Warning>: denied lookup: name = com.apple.contactsd.persistence, requestor = searchpartyuser[1094], error = 159: Sandbox restriction
2024-08-13 02:36:39.629489 <Notice>: Last log repeated 1 times
2024-08-13 02:36:39.629397 (gui/501 [100005]) <Warning>: denied lookup: name = com.apple.contactsd.persistence, requestor = imagent[620], error = 159: Sandbox restriction
2024-08-13 02:36:40.977350 <Notice>: Last log repeated 1 times
2024-08-13 02:36:40.977331 (user/501/com.apple.mdworker.shared.0F000000-0300-0000-0000-000000000000) <Notice>: internal event: WILL_SPAWN, code = 0
2024-08-13 02:36:40.977344 (user/501/com.apple.mdworker.shared.0F000000-0300-0000-0000-000000000000) <Notice>: service state: spawn scheduled
2024-08-13 02:36:40.977346 (user/501/com.apple.mdworker.shared.0F000000-0300-0000-0000-000000000000) <Notice>: service state: spawning
2024-08-13 02:36:40.977389 (user/501/com.apple.mdworker.shared.0F000000-0300-0000-0000-000000000000) <Notice>: launching: ipc (mach)
2024-08-13 02:36:40.977963 (user/501/com.apple.mdworker.shared.0F000000-0300-0000-0000-000000000000 [92354]) <Notice>: xpcproxy spawned with pid 92354
2024-08-13 02:36:40.977985 (user/501/com.apple.mdworker.shared.0F000000-0300-0000-0000-000000000000 [92354]) <Notice>: internal event: SPAWNED, code = 0
2024-08-13 02:36:40.977988 (user/501/com.apple.mdworker.shared.0F000000-0300-0000-0000-000000000000 [92354]) <Notice>: service state: xpcproxy
2024-08-13 02:36:40.977998 (user/501/com.apple.mdworker.shared.0F000000-0300-0000-0000-000000000000 [92354]) <Notice>: internal event: SOURCE_ATTACH, code = 0
2024-08-13 02:36:40.984723 (user/501/com.apple.mdworker.shared.0F000000-0300-0000-0000-000000000000 [92354]) <Notice>: service state: running
2024-08-13 02:36:40.984734 (user/501/com.apple.mdworker.shared.0F000000-0300-0000-0000-000000000000 [92354]) <Notice>: internal event: INIT, code = 0
2024-08-13 02:36:40.984768 (user/501/com.apple.mdworker.shared.0F000000-0300-0000-0000-000000000000 [92354]) <Notice>: Successfully spawned mdworker_shared[92354] because ipc (mach)
2024-08-13 02:36:40.989935 (pid/92354 [mdworker_shared]) <Notice>: uncorking exec source upfront
2024-08-13 02:36:40.989983 (pid/92354 [mdworker_shared]) <Notice>: created
2024-08-13 02:36:41.310755 (gui/501 [100005]) <Warning>: denied lookup: name = com.apple.contactsd.persistence, requestor = searchpartyuser[1094], error = 159: Sandbox restriction
2024-08-13 02:36:42.633144 <Notice>: Last log repeated 1 times
2024-08-13 02:36:42.633117 (gui/501 [100005]) <Warning>: denied lookup: name = com.apple.contactsd.persistence, requestor = imagent[620], error = 159: Sandbox restriction
2024-08-13 02:36:42.880601 <Notice>: Last log repeated 1 times
2024-08-13 02:36:42.880571 (user/501/com.apple.mdworker.shared.02000000-0700-0000-0000-000000000000) <Notice>: internal event: WILL_SPAWN, code = 0
2024-08-13 02:36:42.880590 (user/501/com.apple.mdworker.shared.02000000-0700-0000-0000-000000000000) <Notice>: service state: spawn scheduled
2024-08-13 02:36:42.880593 (user/501/com.apple.mdworker.shared.02000000-0700-0000-0000-000000000000) <Notice>: service state: spawning
2024-08-13 02:36:42.880661 (user/501/com.apple.mdworker.shared.02000000-0700-0000-0000-000000000000) <Notice>: launching: ipc (mach)
2024-08-13 02:36:42.881767 (user/501/com.apple.mdworker.shared.02000000-0700-0000-0000-000000000000 [92355]) <Notice>: xpcproxy spawned with pid 92355
2024-08-13 02:36:42.881807 (user/501/com.apple.mdworker.shared.02000000-0700-0000-0000-000000000000 [92355]) <Notice>: internal event: SPAWNED, code = 0
2024-08-13 02:36:42.881812 (user/501/com.apple.mdworker.shared.02000000-0700-0000-0000-000000000000 [92355]) <Notice>: service state: xpcproxy
2024-08-13 02:36:42.881826 (user/501/com.apple.mdworker.shared.02000000-0700-0000-0000-000000000000 [92355]) <Notice>: internal event: SOURCE_ATTACH, code = 0
2024-08-13 02:36:42.888535 (user/501/com.apple.mdworker.shared.02000000-0700-0000-0000-000000000000 [92355]) <Notice>: service state: running
2024-08-13 02:36:42.888549 (user/501/com.apple.mdworker.shared.02000000-0700-0000-0000-000000000000 [92355]) <Notice>: internal event: INIT, code = 0
2024-08-13 02:36:42.888589 (user/501/com.apple.mdworker.shared.02000000-0700-0000-0000-000000000000 [92355]) <Notice>: Successfully spawned mdworker_shared[92355] because ipc (mach)
2024-08-13 02:36:42.893835 (pid/92355 [mdworker_shared]) <Notice>: uncorking exec source upfront
2024-08-13 02:36:42.893856 (pid/92355 [mdworker_shared]) <Notice>: created
